_id,bid,comment_num,content,created_at,like_num,repost_num,tool,user_id,weibo_url
4954575355511004,NmTKLn7Fa,0,#日本开始准备核污染水第二轮排海#据共同社报道，日本东京电力公司今天（3日）开始进行福岛第一核电站核污染水第二轮排海前准备工作，测定即将排入海洋的核污染水中的氚浓度，如果浓度符合其所谓的“标准”，将从本月5日正式开始第二轮核污染水排海。第二轮排海计划排放量约为7800吨，排放周期约17天。 ...全文,2023-10-08,1,0,,1698891950,https://m.weibo.cn/detail/4954575355511004
4954565017339467,NmTu5uNkv,0,#日本开始准备核污染水第二轮排海# 我们没有资格更没有权力替遇难的30万同胞选择原谅！南京大屠杀真实影像！国耻勿忘，吾辈自强！  #侵华日军南京大屠杀影像# 正义小黄鸭的微博视频 ,2023-10-08,0,0,军事 · 视频社区,3282659472,https://m.weibo.cn/detail/4954565017339467
4954309701668152,NmMQi6ZXG,0,为什么我们和小日子的渊源这么深？#日本开始准备核污染水第二轮排海##勿忘国耻##孙颖莎vs张本美和# 会火大叔的微博视频 ,2023-10-07,3,0,iPhone 13 Pro,2713866045,https://m.weibo.cn/detail/4954309701668152
4954222263011302,NmKzgcDno,1,【#全面暂停日本水产品进口# 日本八月对华水产品出口额急挫近66%，日媒料出口进一步下降】日本核污水排海后，内地宣布全面暂停自日本进口水产品。日本通报，日本8月对华水产品出口额按年减少65.7%。日媒预料9月的日本水产品出口将进一步下降。 日本共同社报道，日本农林水产省公布数据显示，8月对华的 ...全文,2023-10-07,5,2,iPhone XR,5507836092,https://m.weibo.cn/detail/4954222263011302
4954164990314964,NmJ4T1jW4,0,【日本第二轮预计排放约7800吨核污水】据日本共同社报道，东京电力公司近日启动了福岛第一核电站核污染水第二轮排海前准备工作。据报道，日方测定即将排入海洋的核污染水中的氚浓度，浓度符合其所谓的“标准”，于5日正式开始第二轮核污染水排海。第二轮排放的核污染水总量预计仍将在7800吨左右，与第 ...全文,2023-10-07,0,1,微博网页版,2573021000,https://m.weibo.cn/detail/4954164990314964
4954125638569071,NmI3pzXcP,0,#日本开始准备核污染水第二轮排海# 【日本火山喷发、连续地震！】据共同社今天消息，日本海上安保厅发布消息称，日本小笠原群岛的西之岛火山小规模喷发，因此呼吁附近航行船只注意。据称火山喷出的灰色烟柱高达1500米，岛屿周围的海水变成棕褐色和绿色。另据中国地震台网正式测定：10月05日14时22分在 ...全文,2023-10-07,2,0,微博网页版,1530141800,https://m.weibo.cn/detail/4954125638569071
4953990825774635,NmExYoefh,10,汪文斌 日本政府强推核污染水排海计划是严重的失信之举#日本开始准备核污染水第二轮排海# Rr-饶总九饶的微博视频 ,2023-10-06,94,10,汪文斌超话,7197194491,https://m.weibo.cn/detail/4953990825774635
4953968729392582,NmDYkDprg,0,焦点坊谈涉贪腐案首次公审！李在明拄拐出庭受审，支持者高喊其名字 #韩国法院决定不批捕李在明##日本开始准备核污染水第二轮排海# 椒哥微记录的微博视频 ,2023-10-06,4,0,焦点坊谈超话,7209866866,https://m.weibo.cn/detail/4953968729392582
4953884667940148,NmBMKxjAU,2,幂谈天下#日本开始准备核污染水第二轮排海# 韩国民众抗议日本重启核污水排放：如果韩美出面阻止，日本可能不会排放 （来源：凤凰卫视） 深海一万米的微博视频 ,2023-10-06,7,1,微博视频号,1854070075,https://m.weibo.cn/detail/4953884667940148
4953854339187825,NmAZPCyaJ,0,焦点坊谈尹锡悦支持者躲在上面挑衅游街民众，不敢下来正面对抗  #韩国法院决定不批捕李在明##日本开始准备核污染水第二轮排海# 椒哥微记录的微博视频 ,2023-10-06,0,0,焦点坊谈超话,7209866866,https://m.weibo.cn/detail/4953854339187825
4953839049902460,NmABaFy56,2,#日本开始准备核污染水第二轮排海#【在反对声中 日本启动第二轮福岛核污染水排海】据日本媒体报道，当地时间10月5日上午10点30分左右，东京电力公司不顾社会各界反对，启动福岛核污染水第二轮排海。据报道，东电目前已经开始抽吸海水以稀释福岛第一核电站储存的核污染水，并再次向海洋排放；东电将在未 ...全文,2023-10-06,7,0,微博视频号,6351705477,https://m.weibo.cn/detail/4953839049902460
4953835820814166,NmAvY3pNI,1,焦点坊谈10月6日，李在明代表终于出院了，尹锡悦依然不依不饶，李在明又要出席法院，他今天在法庭前面做了简短演讲 #韩国法院决定不批捕李在明##日本开始准备核污染水第二轮排海# 椒哥微记录的微博视频 ,2023-10-06,19,2,焦点坊谈超话,7209866866,https://m.weibo.cn/detail/4953835820814166
4953826651277196,NmAhb5mfW,1,#日本开始准备核污染水第二轮排海#  网页链接 我等等处理结果 ,2023-10-06,10,0,你A姐的HarmonyOS设备,7437104136,https://m.weibo.cn/detail/4953826651277196
4953818673711402,NmA4jfzvk,7,天谴日本，同意吗？#日本开始准备核污染水第二轮排海# 主持人王旭的微博视频 ,2023-10-06,50,4,iPhone客户端,1216463473,https://m.weibo.cn/detail/4953818673711402
4953796100228452,NmztU0XqI,4,焦点坊谈 刚刚！日本本州东南海域发生5.9级地震！昨日发生6.2级地震。巧合的是，昨天日本开始准备核污染水第二轮排海，昨天日本还发生海啸。 #日本本州东南海域发生5.9级地震##日本海啸# 椒哥微记录的微博视频 ,2023-10-06,4,2,焦点坊谈超话,7209866866,https://m.weibo.cn/detail/4953796100228452
4953770653123617,NmyORd6AV,78,赵立坚#赵立坚#  日方称这些水喝了没事，外交部发言人赵立坚：那请他喝了再说 #日本开始准备核污染水第二轮排海# 晨心橙意的小坚果的微博视频 ,2023-10-06,269,81,赵立坚超话,2132687523,https://m.weibo.cn/detail/4953770653123617
4953650948474411,NmvHMzyA3,1,天道好轮回，苍天饶过谁，就在日本今天排放第二轮核污水时，日本东南海域发生了6.2级地震并引发海啸，真的是善有善报恶有恶报！#核污水 ##日本开始准备核污染水第二轮排海# 胖娱鸭鸭的微博视频 ,2023-10-06,12,0,微博视频号,5341977481,https://m.weibo.cn/detail/4953650948474411
4953649711154393,NmvFN4Qjf,0,#日本开始准备核污染水第二轮排海#强烈抗议！！！ ,2023-10-06,1,0,荣耀60 5G,3748786454,https://m.weibo.cn/detail/4953649711154393
4953611017914831,NmuFnxd0z,0,暴雨致冰湖溃堤! 印度洪水吞噬桥梁冲进村庄｜雷蒙多:华为晶片突破令人不安 需强化出口管制#日本一火山喷发# #日本开始准备核污染水第二轮排海# 武力统一的微博视频 ,2023-10-05,15,5,武统超话,5333693607,https://m.weibo.cn/detail/4953611017914831
4953591817966624,NmuapxqtW,50,【国际原子能机构：#日第二轮排海核污染水氚浓度低于该国监管限值#】10月5日，国际原子能机构在其官网发布声明称，经该机构专家取样检测，日本东京电力公司已开始排放的、经ALPS净化系统处理的日本福岛一号核电站第二轮排海核污染水中的氚浓度远低于日本监管限值。  今日早些时候，《日本时报》（The J ...全文,2023-10-05,281,17,微博视频号,6244553417,https://m.weibo.cn/detail/4953591817966624
4953590538439981,Nmu8lzpCJ,15,赵立坚#赵立坚#  2021.04.14*日本个别官员称 这些水喝了也没事 ，那请他喝了再说！” #日本开始准备核污染水第二轮排海# 墨染诗婳的微博视频 ,2023-10-05,75,7,赵立坚超话,3152800551,https://m.weibo.cn/detail/4953590538439981
4953584497855895,NmtYBwXFZ,1,#日本开始准备核污染水第二轮排海# 我来自贵州，我反对核污水，我为海洋发声，别淡忘别遗忘！为了自己也为了我们赖以生存的地球发声，坚决抵制反对核污水排放，今天第二次排海了，7800吨，只要我们还生活在这个地球，我们就无法置身事外。它的影响长久而久远，与我们每个人都息息相关！！#日本海啸#,2023-10-05,13,2,Hi nova 9,1789470773,https://m.weibo.cn/detail/4953584497855895
4953570171159012,NmtBv4RvK,1,【日本开始准备，或从10月5日开始】据俄罗斯卫星通讯社3日报道，日本东京电力公司当天开始进行福岛第一核电站核污染水第二轮排海前准备工作，测定即将排入海洋的核污染水中的氚浓度，如果浓度符合其所谓的“标准”，将从本月5日正式开始第二轮核污染水排海。第二轮排海计划排放量约为7800吨，排放周期 ...全文,2023-10-05,0,0,iPhone 13 Pro Max,1675961211,https://m.weibo.cn/detail/4953570171159012
4953566437445071,NmtvtveNN,0,#日本一火山喷发#小日子作天作地，大海🌊和火山🌋都看不下去了，这次他俩携手，给🇯🇵来个“水火不容”！！！ #日本海啸# ‖#日本开始准备核污染水第二轮排海#  看剧观影的微博视频 ,2023-10-05,9,0,顶流巨星HarmonyOS设备,1005548694,https://m.weibo.cn/detail/4953566437445071
4953547650634208,Nmt1b2EZa,1,幂谈天下#日本开始准备核污染水第二轮排海# 日本第二轮核污水排放当天，日本东南海域发生6.2级地震，日本气象厅发佈海啸预警（来源：香港卫视）人在做，天在看。 这是天谴吧？ 深海一万米的微博视频 ,2023-10-05,7,1,微博视频号,1854070075,https://m.weibo.cn/detail/4953547650634208
4953539677258094,NmsOjusa2,1,#日本开始准备核污染水第二轮排海# 第一次排海，全网都在反对抵制，如今第二次排海却没有一点水花，呼声越来越少了，千万不要遗忘。危害的不只是海洋生物，而是地球上所有的生命。 他们不承认历史，甚至否定对我们犯过的罪行，百年后他们是不是又会说他们没有排过核污水？ 别淡忘，别遗忘#日本海啸#,2023-10-05,7,1,Hi nova 9,1789470773,https://m.weibo.cn/detail/4953539677258094
4953525778645339,NmsrTAh2X,0,#日本开始准备核污染水第二轮排海# #日本#,2023-10-05,4,0,K30 至尊纪念版,3196736332,https://m.weibo.cn/detail/4953525778645339
4953522006133892,NmslOpJHK,0,【凤凰连麦|日本今早启动福岛核污染水第二轮排海】@凤凰李淼 #日本开始准备核污染水第二轮排海##日本将启动第二轮核污染水排海#   日本今早启动福岛核污染水第二轮排海，目前掌握到那些最新消息？日本各界对此反应如何？连线本台驻日本记者李淼。 凤凰名人馆的微博视频 ,2023-10-05,3,0,微博视频号,5654254535,https://m.weibo.cn/detail/4953522006133892
4953516478564028,NmscTzVTu,0,10月5日，据共同社报道，日本东京电力公司3日启动了福岛第一核电站核污染水第二轮排海前准备工作。今天上午，日方正式开始第二轮含氚水的核污染水排海。  与首次排海一样，新一轮核污染水的排放将持续17天，在此期间，大约7800吨弱放射性水将流入海洋。……#日本东京电力公司公布第一批核污染水排放计 ...全文,2023-10-05,0,0,微博视频号,1654434200,https://m.weibo.cn/detail/4953516478564028
4953500263649127,NmrMKfjiT,0,#日本海啸#日本向大海里排放核污染废水引发人神共愤#日本开始准备核污染水第二轮排海# ,2023-10-05,3,0,HUAWEI P60 Pro,2621316147,https://m.weibo.cn/detail/4953500263649127
4953495825287064,NmrFAmbpe,1,【#日本开始准备核污染水第二轮排海# 香港食安中心抽查306个日本进口水产品，辐射水平全部合格】食安中心在过去四日已对306个进口日本“水产及其制品、海藻及海盐”的食物样本作辐射水平检测，未发现辐射水平超出安全标准。 香港渔护署同时对50个本地渔产品样本作辐射水平检测，全部样本检测合格。而香 ...全文,2023-10-05,4,0,,1908364672,https://m.weibo.cn/detail/4953495825287064
4953475018132090,Nmr81y7wK,0,先借节假日#日媒说的2000万中国游客在哪# ，然后借此#日本开始准备核污染水第二轮排海#小日本战略欺骗能力很强啊 ,2023-10-05,4,0,iQOO Neo7 SE,7723622865,https://m.weibo.cn/detail/4953475018132090
4953463505816838,NmqPsopdY,0,#日本发布海啸预警##日本本州东南附近发生6.3级左右地震##日本开始准备核污染水第二轮排海#  天怒人怨！ 地震海啸！ ,2023-10-05,16,0,,5410945006,https://m.weibo.cn/detail/4953463505816838
4953461260288384,NmqLQ1d1m,73,#日本海啸##日本开始准备核污染水第二轮排海#   　很多人不想看日本核废水排放的报导，我也不忍看它，因为想象一下就感觉很难受。对小雨而言，日本核废水排放不仅仅是一个重大的事件，更是值得思考的一件事，对小雨而言，日本核废水排放不仅仅是一个重大的事件，更是值得思考的一件事，以世界的眼光综 ...全文,2023-10-05,483,17,中国红iPhone 11,2357453670,https://m.weibo.cn/detail/4953461260288384
4953457074899779,NmqF5kyEH,1,【#日本第二轮核污染水排海将从10月5日开始# 日本今展开第二轮核污水排海，持续17日排放量约7800吨】日本福岛第一核电厂今日（5日）上午展开第二轮核污水排海，将与首轮一样排放7800吨污水，排放将持续17日。 营运核电厂的东京电力公司称，本周二（3日）已经开始准备工作，向每吨核污水加入1200吨海水 ...全文,2023-10-05,2,1,微博网页版,5507836092,https://m.weibo.cn/detail/4953457074899779
4953452818466353,Nmqydzwu5,4,先是#日本开始准备核污染水第二轮排海# 然后是#日本本州东南附近发生6.3级左右地震# 接下来是#日本海啸#，因果终会有报应，不信看看富士山。 ,2023-10-05,119,2,HUAWEI Mate 20,3170766712,https://m.weibo.cn/detail/4953452818466353
4953450334391493,Nmqudiqqx,5,#日本海啸##日本开始准备核污染水第二轮排海#日本刚排放第二轮核污水，地震和海啸就来了！人在做，天在看，一切有因果，一切有轮回！ 莆田杨龙的微博视频 ,2023-10-05,21,5,微博视频号,2389356690,https://m.weibo.cn/detail/4953450334391493
4953447181321274,Nmqp85xIS,1,#日本开始第二轮核污染水排海##日本海啸#小日子又开始核污染水排放了，据日本TBS电视台网站10月4日报道，东京电力公司计划于当地时间10月5日上午10点半（北京时间5日9点半）开始进行福岛第一核电站核污染水第二轮排海。据称，东电已经在本月3日之前进行了排海准备工作。第二轮排海计划排出大约7800吨核 ...全文,2023-10-05,3,0,微博视频号,1049664781,https://m.weibo.cn/detail/4953447181321274
4953444651106335,Nmql34DO7,0,#日本开始准备核污染水第二轮排海#  【日本开始第二轮核污染水排海】当地时间10月5日10时30分左右，日本东京电力公司福岛第一核电站核污染水第二轮排海开始。  按照东电此前公布的计划，第二轮计划排海的核污染水总量约为7800吨，排放周期预计为17天。  福岛第一核电站内储存有超过130万吨的核污染水。 ...全文,2023-10-05,0,1,HUAWEI P40 Pro 5G,1888415301,https://m.weibo.cn/detail/4953444651106335
4953442622374609,NmqhM9XK9,1,#日本海啸#老天不语，常以象示人，但日本的一再一意孤行，你反天道，必将自食其果#日本开始准备核污染水第二轮排海# ,2023-10-05,21,0,HUAWEI Mate 40 Pro,2474500547,https://m.weibo.cn/detail/4953442622374609
4953439208212486,Nmqcgysrs,20,【#日本今日开始第二轮核污染水排放#】10月5日，据共同社报道，日本东京电力公司3日启动了福岛第一核电站核污染水第二轮排海前准备工作。今天上午，日方正式开始第二轮含氚水的核污染水排海。  与首次排海一样，新一轮核污染水的排放将持续17天，在此期间，大约7800吨弱放射性水将流入海洋。 ...全文,2023-10-05,86,11,微博视频号,6244553417,https://m.weibo.cn/detail/4953439208212486
4953437521839335,Nmq9y7IuH,4,#日本本州东南附近发生6.3级左右地震#地球因为小日本这个国家而倍受毒害，因美国人这种强盗而不得安生。#日本开始准备核污染水第二轮排海# 都说老天有眼，为什么这样的地球之癌无法清理掉？ ,2023-10-05,45,3,HUAWEI Mate 20,3170766712,https://m.weibo.cn/detail/4953437521839335
4953435966013715,Nmq72perp,2,日本开始准备核污染水第二轮排海，将从5日正式开始！第二轮排海计划排放量约为7800吨，排放周期约17天。（湖北日报）  #日本开始第二轮核污染水排海# 青春湖北的微博视频 ,2023-10-05,1,0,微博视频号,2321615032,https://m.weibo.cn/detail/4953435966013715
4953435152319046,Nmq5J9JhY,1,【#日本启动核污染水第二轮排海#】据日本共同社报道，东京电力公司10月3日启动了福岛第一核电站核污染水第二轮排海前准备工作。今天（10月5日）将开始第二轮核污染水排海。#日本第二轮核污染水排海约17天# 第二轮排放的核污染水总量预计仍将在7800吨左右，排放周期约为17天。（央视网）  ...全文,2023-10-05,0,0,微博视频号,3697271680,https://m.weibo.cn/detail/4953435152319046
4953433582603223,Nmq3caVdt,1,【凤凰连麦|日本拟今早启动福岛核污染水第二轮排海】@凤凰李淼 #日本开始准备核污染水第二轮排海##日本第二轮核污染水排海将从10月5日开始# 日本计划于当地时间今天上午10点半，也就是北京时间今天上午9点半开始进行福岛第一核电站核污染水第二轮排海。目前，日本排放第二轮核污水马上进入倒计时一小时 ...全文,2023-10-05,6,2,微博视频号,5654254535,https://m.weibo.cn/detail/4953433582603223
4953432893951542,Nmq25gzYy,0,【#日本启动核污染水第二轮排海#】据日本共同社报道，东京电力公司10月3日启动了福岛第一核电站核污染水第二轮排海前准备工作。今天（10月5日）将开始第二轮核污染水排海。#日本第二轮核污染水排海约17天# 第二轮排放的核污染水总量预计仍将在7800吨左右，排放周期约为17天。（央视网）  ...全文,2023-10-05,0,0,微博视频号,1916333694,https://m.weibo.cn/detail/4953432893951542
4953432265327293,Nmq14mlS5,3,当地时间10月5日10时30分左右，日本东京电力公司福岛第一核电站核污染水第二轮排海开始。按照东电此前公布的计划，第二轮计划排海的核污染水总量约为7800吨，排放周期预计为17天。（ Via @环球网 ）#日本开始准备核污染水第二轮排海# ,2023-10-05,148,3,班长的微博bb机,6993753395,https://m.weibo.cn/detail/4953432265327293
4953430171847278,NmpXH7KyO,3,#日本开始准备核污染水第二轮排海#日本在作死的路上还要走多久呢？应该增大惩罚力度！地球🌍可以消失一个岛屿，但绝不能让海洋废弃！ #日本开始第二轮核污染水排海# ,2023-10-05,11,0,K30S 至尊纪念版,2750096631,https://m.weibo.cn/detail/4953430171847278
4953429413725216,NmpWtfD68,1,#日本开始准备核污染水第二轮排海##上海报业集团程峰被查#  前段时间日本排核污水，中国媒体、自媒体狂喷“预制菜”、并节奏上升到体制，成功转移了对日本排放核污水的注意力，日本鬼子大呼中国媒体给力，并发证以示鼓励！ 日本第二轮排放又要开始了，看中国媒体又准备设置什么话题了！ ,2023-10-05,6,0,OPPO Reno Z,1029914170,https://m.weibo.cn/detail/4953429413725216
4953429405338625,NmpWsmoOR,0,#日本开始准备核污染水第二轮排海#老天己经看不下去了，恶人自有天收#日本地震# 开始地震了，苦的是老百姓,2023-10-05,0,1,HUAWEI Mate 20,7786519236,https://m.weibo.cn/detail/4953429405338625
4953428965721390,NmpVKo0ou,1,【#福岛废铁遭窃去向未明##专家认为日本放射物管理混乱#】日本东京电力公司3日启动了福岛第一核电站核污染水第二次排海的准备工作，5日启动排海。在此之前，距福岛第一核电站不到4公里的一建筑物拆除工地被曝出工人盗窃工地废铁和铜线去倒卖，去向至今尚未查明。此事在日本国内引发轩然大波，有专家质 ...全文,2023-10-05,11,7,微博视频号,1265998927,https://m.weibo.cn/detail/4953428965721390
4953423368686141,NmpMIArF3,1,#日媒炒作中国人赴日旅游热# 日媒炮制“中国人赴日旅游热，北京飞东京的航班座无虚席”，实际上是一场由媒体议程设置所引起的对华舆论战。  议程设置理论指出大众传播具有一种为公众设置议事日程的功能，传媒的新闻报道和信息传达活动以赋予各种议题不同程度的显著性的方式，影响人们对周围世界大事的 ...全文,2023-10-05,21,6,iPhone 14,3321496530,https://m.weibo.cn/detail/4953423368686141
4953420160831001,NmpHy3ubf,1,【#日本启动核污染水第二轮排海#】据日本共同社报道，东京电力公司10月3日启动了福岛第一核电站核污染水第二轮排海前准备工作。今天（10月5日）将开始第二轮核污染水排海。#日本第二轮核污染水排海约17天# 第二轮排放的核污染水总量预计仍将在7800吨左右，排放周期约为17天。（央视网） ...全文,2023-10-05,2,0,微博视频号,5157325535,https://m.weibo.cn/detail/4953420160831001
4953418369862842,NmpEEFnM6,0,#日本开始准备核污染水第二轮排海#🇯🇵700亿的费用作用是不是发作了 怎么没有热搜 ,2023-10-05,15,0,,7799702838,https://m.weibo.cn/detail/4953418369862842
4953417674129820,NmpDxhkm0,1,#日本开始准备核污染水第二轮排海#  #日本10月5日开始第二轮核污染水排海##日本第二轮核污染水排海10月5日开始# 桑-之的微博视频 ,2023-10-05,73,0,微博视频号,7488364153,https://m.weibo.cn/detail/4953417674129820
4953416520961554,NmpBG428W,0,【#日本5日上午开始第二轮核污染水排海# 约7800吨】据日本TBS电视台网站4日报道，东京电力公司计划于当地时间5日上午10点半（北京时间5日上午9点半）开始进行福岛第一核电站核污染水第二轮排海。据称，东电已经在本月3日之前进行了排海准备工作。第二轮排海计划排出大约7800吨核污染水，与第一轮排放量 ...全文,2023-10-05,1,0,微博视频号,1732802301,https://m.weibo.cn/detail/4953416520961554
4953415400558996,NmpzS2lq4,0,【直播：7800吨！#日本启动第二轮核污水排海#】日本东京电力公司在10月3日，开始进行福岛第一核电站核污染水第二轮排海前准备工作，测定即将排入海洋的核污染水中的氚浓度，如果浓度符合其所谓的“标准”，将从当地时间10月5日10点半（北京时间9点半）正式开始第二轮核污染水排海。第二轮排海计划排放 ...全文,2023-10-05,1,0,vivo Pad2,2027773605,https://m.weibo.cn/detail/4953415400558996
4953414666553479,NmpyGruRh,1,【直播：7800吨！#日本启动第二轮核污水排海#】日本东京电力公司在10月3日，开始进行福岛第一核电站核污染水第二轮排海前准备工作，测定即将排入海洋的核污染水中的氚浓度，如果浓度符合其所谓的“标准”，将从当地时间10月5日10点半（北京时间9点半）正式开始第二轮核污染水排海。第二轮排海计划排放 ...全文,2023-10-05,7,0,微博直播,7308140398,https://m.weibo.cn/detail/4953414666553479
4953414641910085,NmpyE80TP,1,【#日本5日上午开始第二轮核污染水排海# 约7800吨】据日本TBS电视台网站10月4日报道，东京电力公司计划于当地时间5日上午10点半（北京时间5日上午9点半）开始进行福岛第一核电站核污染水第二轮排海。据称，东电已经在本月3日之前进行了排海准备工作。第二轮排海计划排出大约7800吨核污染水，与第一轮排 ...全文,2023-10-05,1,0,微博视频号,1650111241,https://m.weibo.cn/detail/4953414641910085
4953414277267852,Nmpy3uuHq,1,【直播：7800吨！日本启动第二轮核污水排海】日本东京电力公司在10月3日，开始进行福岛第一核电站核污染水第二轮排海前准备工作，测定即将排入海洋的核污染水中的氚浓度，如果浓度符合其所谓的“标准”，将从当地时间10月5日10点半（北京时间9点半）正式开始第二轮核污染水排海。第二轮排海计划排放量 ...全文,2023-10-05,3,0,微博直播,1688864597,https://m.weibo.cn/detail/4953414277267852
4953414067555418,NmpxIvHvA,1,【直播：7800吨！日本启动第二轮核污水排海】日本东京电力公司在10月3日，开始进行福岛第一核电站核污染水第二轮排海前准备工作，测定即将排入海洋的核污染水中的氚浓度，如果浓度符合其所谓的“标准”，将从当地时间10月5日10点半（北京时间9点半）正式开始第二轮核污染水排海。第二轮排海计划排放量 ...全文,2023-10-05,3,1,微博直播,2137096053,https://m.weibo.cn/detail/4953414067555418
4953413118331821,NmpwbyXud,0,【#日本5日上午开始第二轮核污染水排海# 约7800吨】据日本TBS电视台网站4日报道，东京电力公司计划于当地时间5日上午10点半（北京时间5日上午9点半）开始进行福岛第一核电站核污染水第二轮排海。据称，东电已经在本月3日之前进行了排海准备工作。第二轮排海计划排出大约7800吨核污染水，与第一轮排放量 ...全文,2023-10-05,0,0,iPhone客户端,1830136671,https://m.weibo.cn/detail/4953413118331821
4953409037799995,NmppBwJ8n,0,【#日本5日上午开始第二轮核污染水排海# 约7800吨】据日本TBS电视台网站4日报道，东京电力公司计划于当地时间5日上午10点半（北京时间5日上午9点半）开始进行福岛第一核电站核污染水第二轮排海。据称，东电已经在本月3日之前进行了排海准备工作。第二轮排海计划排出大约7800吨核污染水，与第一轮排放量 ...全文,2023-10-05,11,2,微博视频号,1845864154,https://m.weibo.cn/detail/4953409037799995
4953406491591317,Nmplv6FYp,1,【日本今天上午开始第二轮核污染水排海】据日本TBS电视台网站4日报道，东京电力公司计划于当地时间5日上午10点半（北京时间5日上午9点半）开始进行福岛第一核电站核污染水第二轮排海。据称，东电已经在本月3日之前进行了排海准备工作。第二轮排海计划排出大约7800吨核污染水，与第一轮排放量相当，预计 ...全文,2023-10-05,5,4,微博网页版,1314608344,https://m.weibo.cn/detail/4953406491591317
4953396173605703,Nmp4Rf80v,0,【#日本启动核污染水第二轮排海#】据日本共同社报道，东京电力公司10月3日启动了福岛第一核电站核污染水第二轮排海前准备工作。今天（10月5日）将开始第二轮核污染水排海。#日本第二轮核污染水排海约17天# 第二轮排放的核污染水总量预计仍将在7800吨左右，排放周期约为17天。（央视网） ...全文,2023-10-05,0,0,微博视频号,6524697382,https://m.weibo.cn/detail/4953396173605703
4953394920555714,Nmp2Q2kz8,0,【#日本启动核污染水第二轮排海#】据日本共同社报道，东京电力公司10月3日启动了福岛第一核电站核污染水第二轮排海前准备工作。今天（10月5日）将开始第二轮核污染水排海。#日本第二轮核污染水排海约17天# 第二轮排放的核污染水总量预计仍将在7800吨左右，排放周期约为17天。（央视网） ...全文,2023-10-05,1,0,微博视频号,1718950972,https://m.weibo.cn/detail/4953394920555714
4953393660952727,Nmp0O3ZQz,0,【#日本启动核污染水第二轮排海#】据日本共同社报道，东京电力公司10月3日启动了福岛第一核电站核污染水第二轮排海前准备工作。今天（10月5日）将开始第二轮核污染水排海。#日本第二轮核污染水排海约17天# 第二轮排放的核污染水总量预计仍将在7800吨左右，排放周期约为17天。（央视网） ...全文,2023-10-05,0,0,微博视频号,6524418706,https://m.weibo.cn/detail/4953393660952727
4953392399518769,NmoYLDWgx,0,【#日本启动核污染水第二轮排海#】据日本共同社报道，东京电力公司10月3日启动了福岛第一核电站核污染水第二轮排海前准备工作。今天（10月5日）将开始第二轮核污染水排海。#日本第二轮核污染水排海约17天# 第二轮排放的核污染水总量预计仍将在7800吨左右，排放周期约为17天。（央视网） ...全文,2023-10-05,0,0,微博视频号,6524697383,https://m.weibo.cn/detail/4953392399518769
4953391747826599,NmoXIwQ3t,1,求教，这是真的吗？#点亮大湖南##日本开始准备核污染水第二轮排海#日本富士山蓄势待发 寰球镜头的微博视频 ,2023-10-05,3,1,iPhone客户端,2985052662,https://m.weibo.cn/detail/4953391747826599
4953389923306609,NmoUMdScp,26,【今日上午10点半 #日本开始第二轮核污水排海#】#日本第二轮计划排出7800吨核污水# 据日本TBS电视台网站4日报道，东京电力公司计划于当地时间5日上午10点半开始进行福岛第一核电站核污染水第二轮排海。据称，东电已经在本月3日之前进行了排海准备工作。第二轮排海计划排出大约7800吨核污染水，与第一轮 ...全文,2023-10-05,31,31,,5880141513,https://m.weibo.cn/detail/4953389923306609
4953386737205505,NmoPDuetP,0,【今日上午10点半 #日本开始第二轮核污水排海#】#日本第二轮计划排出7800吨核污水# 据日本TBS电视台网站4日报道，东京电力公司计划于当地时间5日上午10点半开始进行福岛第一核电站核污染水第二轮排海。据称，东电已经在本月3日之前进行了排海准备工作。第二轮排海计划排出大约7800吨核污染水，与第一轮 ...全文,2023-10-05,1,0,微博发布平台专业版,1154814271,https://m.weibo.cn/detail/4953386737205505
4953386737467394,NmoPDvkBQ,1,【今日上午10点半 #日本开始第二轮核污水排海#】#日本第二轮计划排出7800吨核污水# 据日本TBS电视台网站4日报道，东京电力公司计划于当地时间5日上午10点半开始进行福岛第一核电站核污染水第二轮排海。据称，东电已经在本月3日之前进行了排海准备工作。第二轮排海计划排出大约7800吨核污染水，与第一轮 ...全文,2023-10-05,1,3,微博发布平台专业版,1778758223,https://m.weibo.cn/detail/4953386737467394
4953386736157898,NmoPDpPWW,0,【今日上午10点半 #日本开始第二轮核污水排海#】#日本第二轮计划排出7800吨核污水# 据日本TBS电视台网站4日报道，东京电力公司计划于当地时间5日上午10点半开始进行福岛第一核电站核污染水第二轮排海。据称，东电已经在本月3日之前进行了排海准备工作。第二轮排海计划排出大约7800吨核污染水，与第一轮 ...全文,2023-10-05,0,0,微博发布平台专业版,2925141777,https://m.weibo.cn/detail/4953386736157898
4953386737468687,NmoPDvkWH,0,【今日上午10点半 #日本开始第二轮核污水排海#】#日本第二轮计划排出7800吨核污水# 据日本TBS电视台网站4日报道，东京电力公司计划于当地时间5日上午10点半开始进行福岛第一核电站核污染水第二轮排海。据称，东电已经在本月3日之前进行了排海准备工作。第二轮排海计划排出大约7800吨核污染水，与第一轮 ...全文,2023-10-05,0,1,微博发布平台专业版,2560432091,https://m.weibo.cn/detail/4953386737468687
4953386735633083,NmoPDnDqb,1,【今日上午10点半 #日本开始第二轮核污水排海#】#日本第二轮计划排出7800吨核污水# 据日本TBS电视台网站4日报道，东京电力公司计划于当地时间5日上午10点半开始进行福岛第一核电站核污染水第二轮排海。据称，东电已经在本月3日之前进行了排海准备工作。第二轮排海计划排出大约7800吨核污染水，与第一轮 ...全文,2023-10-05,1,2,微博发布平台专业版,1259295385,https://m.weibo.cn/detail/4953386735633083
4953386735895592,NmoPDoJIc,0,【今日上午10点半 #日本开始第二轮核污水排海#】#日本第二轮计划排出7800吨核污水# 据日本TBS电视台网站4日报道，东京电力公司计划于当地时间5日上午10点半开始进行福岛第一核电站核污染水第二轮排海。据称，东电已经在本月3日之前进行了排海准备工作。第二轮排海计划排出大约7800吨核污染水，与第一轮 ...全文,2023-10-05,0,0,微博发布平台专业版,1990437285,https://m.weibo.cn/detail/4953386735895592
4953386736682457,NmoPDs2pz,0,【今日上午10点半 #日本开始第二轮核污水排海#】#日本第二轮计划排出7800吨核污水# 据日本TBS电视台网站4日报道，东京电力公司计划于当地时间5日上午10点半开始进行福岛第一核电站核污染水第二轮排海。据称，东电已经在本月3日之前进行了排海准备工作。第二轮排海计划排出大约7800吨核污染水，与第一轮 ...全文,2023-10-05,0,0,微博发布平台专业版,7637562608,https://m.weibo.cn/detail/4953386736682457
4953386735895912,NmoPDoJNm,0,【今日上午10点半 #日本开始第二轮核污水排海#】#日本第二轮计划排出7800吨核污水# 据日本TBS电视台网站4日报道，东京电力公司计划于当地时间5日上午10点半开始进行福岛第一核电站核污染水第二轮排海。据称，东电已经在本月3日之前进行了排海准备工作。第二轮排海计划排出大约7800吨核污染水，与第一轮 ...全文,2023-10-05,0,0,微博发布平台专业版,5681478953,https://m.weibo.cn/detail/4953386735895912
4953386731964298,NmoPD8f0e,0,【今日上午10点半 #日本开始第二轮核污水排海#】#日本第二轮计划排出7800吨核污水# 据日本TBS电视台网站4日报道，东京电力公司计划于当地时间5日上午10点半开始进行福岛第一核电站核污染水第二轮排海。据称，东电已经在本月3日之前进行了排海准备工作。第二轮排海计划排出大约7800吨核污染水，与第一轮 ...全文,2023-10-05,1,0,微博发布平台专业版,1712686623,https://m.weibo.cn/detail/4953386731964298
4953386727769784,NmoPCwBh6,38,【今日上午10点半 #日本开始第二轮核污水排海#】#日本第二轮计划排出7800吨核污水# 据日本TBS电视台网站4日报道，东京电力公司计划于当地时间5日上午10点半开始进行福岛第一核电站核污染水第二轮排海。据称，东电已经在本月3日之前进行了排海准备工作。第二轮排海计划排出大约7800吨核污染水，与第一轮 ...全文,2023-10-05,90,19,微博发布平台专业版,2028810631,https://m.weibo.cn/detail/4953386727769784
4953383846544648,NmoKYrsyQ,95,【#日本启动核污染水第二轮排海#】据日本共同社报道，东京电力公司10月3日启动了福岛第一核电站核污染水第二轮排海前准备工作。今天（10月5日）将开始第二轮核污染水排海。#日本第二轮核污染水排海约17天# 第二轮排放的核污染水总量预计仍将在7800吨左右，排放周期约为17天。（央视网）  ...全文,2023-10-05,315,52,微博视频号,3203137375,https://m.weibo.cn/detail/4953383846544648
4953379208430078,NmoDuzn30,0,#bilibili# 玉渊谭天的视频73秒看懂，日本核污水排放会影响哪里？ #中国游客能让全球避免经济衰退吗##日本将启动第二轮核污染水排海##日本开始准备核污染水第二轮排海# ,2023-10-05,1,0,哔哩哔哩移动客户端,3266844252,https://m.weibo.cn/detail/4953379208430078
4953377437909646,NmoADxbEW,0,#bilibili# 粑鄙姐姐的视频那些说喝了核污水没事的建议他看看这个视频（重制版） #日本开始准备核污染水第二轮排海##日本将启动第二轮核污染水排海# ,2023-10-05,3,0,哔哩哔哩移动客户端,3266844252,https://m.weibo.cn/detail/4953377437909646
4953374892752986,Nmowxbyb0,0,#bilibili# 航海家Zek的视频坚决抵制日货，抗议日本第二批排核。 #日本开始准备核污染水第二轮排海##日本将启动第二轮核污染水排海# ,2023-10-05,2,0,哔哩哔哩移动客户端,3266844252,https://m.weibo.cn/detail/4953374892752986
4953295959622548,NmmtdEngo,0,日本东京电力公司10月3号开始进行福岛第一核电站核污染水第二轮排海前准备工作，测定即将排入海洋的核污染水中的氚浓度，如果浓度符合其所谓的“标准”，将从10月5日正式开始第二轮核污染水排海。  第二轮排海计划排放量约为7800吨，排放周期约17天 现在关于这个话题的热度是持续下降，但我任然要发， ...全文,2023-10-05,0,1,微博网页版,1640489733,https://m.weibo.cn/detail/4953295959622548
4953247297572972,NmlcJvM4I,0,#日本开始准备核污染水第二轮排海# 大家一起来抗议吧#正能量# 直至日本停止核污水排海。,2023-10-04,9,0,HUAWEI Mate 20,7786519236,https://m.weibo.cn/detail/4953247297572972
4953246919036180,Nmlc7BUIQ,0,"#日本核污水排海,保护地球# 保护地球吧，行动起来#日本开始准备核污染水第二轮排海# 日本马上开启第二轮排海啦",2023-10-04,1,0,HUAWEI Mate 20,7786519236,https://m.weibo.cn/detail/4953246919036180
4953236177683063,NmkUNweIn,0,#日本开始准备核污染水第二轮排海#鬼子祸害人间，其他人冷漠或者帮凶怎么办？  激化矛盾啊！  日本鬼子和美国鬼子不是说一切安全合规吗，那咱们就排船去福岛附近海域拉海水，谁说安全合规就往他们家进海排放，没有海的空投他家河湖里。  看谁反对！ ,2023-10-04,7,0,Hi nova 9z,7380722614,https://m.weibo.cn/detail/4953236177683063
4953233519285690,NmkQvCXDc,0,【日本第二轮核污水排海，5日上午开始！】据日本TBS电视台网站今天（4日）报道，东京电力公司计划于当地时间5日上午10点半（北京时间5日上午9点半）开始进行福岛第一核电站核污染水第二轮排海。据称，东电已经在本月3日之前进行了排海准备工作。第二轮排海计划排出大约7800吨核污染水，与第一轮排放量 ...全文,2023-10-04,2,0,微博网页版,3844617568,https://m.weibo.cn/detail/4953233519285690
4953233464233708,NmkQqhLnC,0,【日本第二轮核污水排海，5日上午开始！】据日本TBS电视台网站今天（4日）报道，东京电力公司计划于当地时间5日上午10点半（北京时间5日上午9点半）开始进行福岛第一核电站核污染水第二轮排海。据称，东电已经在本月3日之前进行了排海准备工作。第二轮排海计划排出大约7800吨核污染水，与第一轮排放量 ...全文,2023-10-04,4,1,微博网页版,3114175427,https://m.weibo.cn/detail/4953233464233708
4953233098281216,NmkPPyKk0,66,死不悔改！日本核污染水第二轮排海将于5日进行！  10月3日，东京电力公司启动准备工作，如果氚浓度符合其所谓的标准，将于5日开始第二轮核污染水排海。第二轮排放总量预计将在7800吨左右，排放周期约为17天！via.小央视频 勤奋de班长的微博视频 ,2023-10-04,264,50,微博视频号,2160553221,https://m.weibo.cn/detail/4953233098281216
4953223208108048,NmkzSy1gY,0,【#日本5日上午开始第二轮核污染水排海# 约7800吨】据日本TBS电视台网站4日报道，东京电力公司计划于当地时间5日上午10点半（北京时间5日上午9点半）开始进行福岛第一核电站核污染水第二轮排海。据称，东电已经在本月3日之前进行了排海准备工作。第二轮排海计划排出大约7800吨核污染水，与第一轮排放量 ...全文,2023-10-04,1,1,微博视频号,6268375888,https://m.weibo.cn/detail/4953223208108048
4953210341820620,Nmkf87DCQ,1,#日本开始准备核污染水第二轮排海# 这样的行为真的很下头呀#日本将启动第二轮核污染水排海# 资深观众刘根红呀的微博视频 ,2023-10-04,9,0,微博视频号,5678795625,https://m.weibo.cn/detail/4953210341820620
4953203836191247,Nmk4DpYCP,0,【#日本第二轮核污染水排海预计持续17天#】据日本TBS电视台网站今天（4日）报道，东京电力公司计划于当地时间5日上午10点半（北京时间5日上午9点半）开始进行福岛第一核电站核污染水第二轮排海。据称，东电已经在本月3日之前进行了排海准备工作。第二轮排海计划排出大约7800吨核污染水，与第一轮排放量 ...全文,2023-10-04,0,0,微博发布平台专业版,2560432091,https://m.weibo.cn/detail/4953203836191247
4953203834619633,Nmk4DjnMd,0,【#日本第二轮核污染水排海预计持续17天#】据日本TBS电视台网站今天（4日）报道，东京电力公司计划于当地时间5日上午10点半（北京时间5日上午9点半）开始进行福岛第一核电站核污染水第二轮排海。据称，东电已经在本月3日之前进行了排海准备工作。第二轮排海计划排出大约7800吨核污染水，与第一轮排放量 ...全文,2023-10-04,0,0,微博发布平台专业版,1990544621,https://m.weibo.cn/detail/4953203834619633
4953203830687411,Nmk4D2SPh,0,【#日本第二轮核污染水排海预计持续17天#】据日本TBS电视台网站今天（4日）报道，东京电力公司计划于当地时间5日上午10点半（北京时间5日上午9点半）开始进行福岛第一核电站核污染水第二轮排海。据称，东电已经在本月3日之前进行了排海准备工作。第二轮排海计划排出大约7800吨核污染水，与第一轮排放量 ...全文,2023-10-04,1,0,微博发布平台专业版,2060029603,https://m.weibo.cn/detail/4953203830687411
4953203830424262,Nmk4D1MmW,0,【#日本第二轮核污染水排海预计持续17天#】据日本TBS电视台网站今天（4日）报道，东京电力公司计划于当地时间5日上午10点半（北京时间5日上午9点半）开始进行福岛第一核电站核污染水第二轮排海。据称，东电已经在本月3日之前进行了排海准备工作。第二轮排海计划排出大约7800吨核污染水，与第一轮排放量 ...全文,2023-10-04,0,0,微博发布平台专业版,1990437285,https://m.weibo.cn/detail/4953203830424262
4953203831737057,Nmk4D7hT3,0,【#日本第二轮核污染水排海预计持续17天#】据日本TBS电视台网站今天（4日）报道，东京电力公司计划于当地时间5日上午10点半（北京时间5日上午9点半）开始进行福岛第一核电站核污染水第二轮排海。据称，东电已经在本月3日之前进行了排海准备工作。第二轮排海计划排出大约7800吨核污染水，与第一轮排放量 ...全文,2023-10-04,0,0,微博发布平台专业版,2925141777,https://m.weibo.cn/detail/4953203831737057
4953203830951948,Nmk4D3ZE0,0,【#日本第二轮核污染水排海预计持续17天#】据日本TBS电视台网站今天（4日）报道，东京电力公司计划于当地时间5日上午10点半（北京时间5日上午9点半）开始进行福岛第一核电站核污染水第二轮排海。据称，东电已经在本月3日之前进行了排海准备工作。第二轮排海计划排出大约7800吨核污染水，与第一轮排放量 ...全文,2023-10-04,0,0,微博发布平台专业版,2780457263,https://m.weibo.cn/detail/4953203830951948
4953203831212380,Nmk4D55ow,0,【#日本第二轮核污染水排海预计持续17天#】据日本TBS电视台网站今天（4日）报道，东京电力公司计划于当地时间5日上午10点半（北京时间5日上午9点半）开始进行福岛第一核电站核污染水第二轮排海。据称，东电已经在本月3日之前进行了排海准备工作。第二轮排海计划排出大约7800吨核污染水，与第一轮排放量 ...全文,2023-10-04,0,0,微博发布平台专业版,5681478953,https://m.weibo.cn/detail/4953203831212380
4953203832001331,Nmk4D8oDx,1,【#日本第二轮核污染水排海预计持续17天#】据日本TBS电视台网站今天（4日）报道，东京电力公司计划于当地时间5日上午10点半（北京时间5日上午9点半）开始进行福岛第一核电站核污染水第二轮排海。据称，东电已经在本月3日之前进行了排海准备工作。第二轮排海计划排出大约7800吨核污染水，与第一轮排放量 ...全文,2023-10-04,0,0,微博发布平台专业版,7637562608,https://m.weibo.cn/detail/4953203832001331
4953203830949521,Nmk4D3Z0R,0,【#日本第二轮核污染水排海预计持续17天#】据日本TBS电视台网站今天（4日）报道，东京电力公司计划于当地时间5日上午10点半（北京时间5日上午9点半）开始进行福岛第一核电站核污染水第二轮排海。据称，东电已经在本月3日之前进行了排海准备工作。第二轮排海计划排出大约7800吨核污染水，与第一轮排放量 ...全文,2023-10-04,0,0,微博发布平台专业版,1154814271,https://m.weibo.cn/detail/4953203830949521
4953203831477020,Nmk4D6ceU,0,【#日本第二轮核污染水排海预计持续17天#】据日本TBS电视台网站今天（4日）报道，东京电力公司计划于当地时间5日上午10点半（北京时间5日上午9点半）开始进行福岛第一核电站核污染水第二轮排海。据称，东电已经在本月3日之前进行了排海准备工作。第二轮排海计划排出大约7800吨核污染水，与第一轮排放量 ...全文,2023-10-04,0,0,微博发布平台专业版,1881159861,https://m.weibo.cn/detail/4953203831477020
4953203827807104,Nmk4CwKZ2,0,【#日本第二轮核污染水排海预计持续17天#】据日本TBS电视台网站今天（4日）报道，东京电力公司计划于当地时间5日上午10点半（北京时间5日上午9点半）开始进行福岛第一核电站核污染水第二轮排海。据称，东电已经在本月3日之前进行了排海准备工作。第二轮排海计划排出大约7800吨核污染水，与第一轮排放量 ...全文,2023-10-04,0,0,微博发布平台专业版,1778758223,https://m.weibo.cn/detail/4953203827807104
4953203827019291,Nmk4Cts2n,0,【#日本第二轮核污染水排海预计持续17天#】据日本TBS电视台网站今天（4日）报道，东京电力公司计划于当地时间5日上午10点半（北京时间5日上午9点半）开始进行福岛第一核电站核污染水第二轮排海。据称，东电已经在本月3日之前进行了排海准备工作。第二轮排海计划排出大约7800吨核污染水，与第一轮排放量 ...全文,2023-10-04,0,0,微博发布平台专业版,3248050592,https://m.weibo.cn/detail/4953203827019291
4953203826235816,Nmk4CqadG,0,【#日本第二轮核污染水排海预计持续17天#】据日本TBS电视台网站今天（4日）报道，东京电力公司计划于当地时间5日上午10点半（北京时间5日上午9点半）开始进行福岛第一核电站核污染水第二轮排海。据称，东电已经在本月3日之前进行了排海准备工作。第二轮排海计划排出大约7800吨核污染水，与第一轮排放量 ...全文,2023-10-04,1,0,微博发布平台专业版,1259295385,https://m.weibo.cn/detail/4953203826235816
4953203822299667,Nmk4C9Efp,0,【#日本第二轮核污染水排海预计持续17天#】据日本TBS电视台网站今天（4日）报道，东京电力公司计划于当地时间5日上午10点半（北京时间5日上午9点半）开始进行福岛第一核电站核污染水第二轮排海。据称，东电已经在本月3日之前进行了排海准备工作。第二轮排海计划排出大约7800吨核污染水，与第一轮排放量 ...全文,2023-10-04,0,0,微博发布平台专业版,1712686623,https://m.weibo.cn/detail/4953203822299667
4953199901934876,NmjYi87lG,35,【#日本第二轮核污染水排海预计持续17天#】据日本TBS电视台网站今天（4日）报道，东京电力公司计划于当地时间5日上午10点半（北京时间5日上午9点半）开始进行福岛第一核电站核污染水第二轮排海。据称，东电已经在本月3日之前进行了排海准备工作。第二轮排海计划排出大约7800吨核污染水，与第一轮排放量 ...全文,2023-10-04,168,21,微博网页版,2028810631,https://m.weibo.cn/detail/4953199901934876
4953198873543150,NmjWDeRJA,0,【#日本明日开始第二轮核污染水排海# 】据日本TBS电视台网站今日（4日）报道，东京电力公司计划于当地时间5日上午10点半（北京时间5日上午9点半）开始进行福岛第一核电站核污染水第二轮排海。网页链接  据称，东电已经在本月3日之前进行了排海准备工作。第二轮排海计划排出大约7800吨核污 ...全文,2023-10-04,1,0,微博网页版,7310744124,https://m.weibo.cn/detail/4953198873543150
4953197867701620,NmjV0wjxG,0,【#日本第二轮核污染水排海将从10月5日开始# 日本东电明早十时半第二轮核污水排海，预计持续17日】日本计划明日开始第二轮福岛核污水排海。据日本传媒报道，东京电力公司计划当地明早10时半，开始进行福岛第一核电站核污染水第二轮排海。 报道又指，东电已经在本月三日前进行排海准备工作。第二轮排海 ...全文,2023-10-04,1,0,微博网页版,5507836092,https://m.weibo.cn/detail/4953197867701620
4953196268099043,NmjSqxYVJ,0,【#日本明天上午开始第二轮核污染水排海#】据日本TBS电视台网站今天（4日）报道，东京电力公司计划于当地时间5日上午10点半（北京时间5日上午9点半）开始进行福岛第一核电站核污染水第二轮排海。据称，东电已经在本月3日之前进行了排海准备工作。第二轮排海计划排出大约7800吨核污染水，与第一轮排放量 ...全文,2023-10-04,2,2,HUAWEI P50 Pro,2248134120,https://m.weibo.cn/detail/4953196268099043
4953194494431415,NmjPziAOr,0,【#日本计划明起第二轮核污染水排海#】#第二轮核污染水排海预计持续17天#据日本TBS电视台网站今天（4日）报道，东京电力公司计划于当地时间5日上午10点半（北京时间5日上午9点半）开始进行福岛第一核电站核污染水第二轮排海。据称，东电已经在本月3日之前进行了排海准备工作。第二轮排海计划排出大约78 ...全文,2023-10-04,0,0,微博 weibo.com,5745238615,https://m.weibo.cn/detail/4953194494431415
4953194491024509,NmjPz4iwl,0,【#日本计划明起第二轮核污染水排海#】#第二轮核污染水排海预计持续17天#据日本TBS电视台网站今天（4日）报道，东京电力公司计划于当地时间5日上午10点半（北京时间5日上午9点半）开始进行福岛第一核电站核污染水第二轮排海。据称，东电已经在本月3日之前进行了排海准备工作。第二轮排海计划排出大约78 ...全文,2023-10-04,0,0,微博 weibo.com,6369501744,https://m.weibo.cn/detail/4953194491024509
4953194489974963,NmjPyFQWv,0,【#日本计划明起第二轮核污染水排海#】#第二轮核污染水排海预计持续17天#据日本TBS电视台网站今天（4日）报道，东京电力公司计划于当地时间5日上午10点半（北京时间5日上午9点半）开始进行福岛第一核电站核污染水第二轮排海。据称，东电已经在本月3日之前进行了排海准备工作。第二轮排海计划排出大约78 ...全文,2023-10-04,0,0,微博 weibo.com,5876448064,https://m.weibo.cn/detail/4953194489974963
4953194489711848,NmjPyEKuI,0,【#日本计划明起第二轮核污染水排海#】#第二轮核污染水排海预计持续17天#据日本TBS电视台网站今天（4日）报道，东京电力公司计划于当地时间5日上午10点半（北京时间5日上午9点半）开始进行福岛第一核电站核污染水第二轮排海。据称，东电已经在本月3日之前进行了排海准备工作。第二轮排海计划排出大约78 ...全文,2023-10-04,0,0,微博 weibo.com,5710586189,https://m.weibo.cn/detail/4953194489711848
4953190237474911,NmjIHvmz5,0,【#日本计划明起第二轮核污染水排海#】#第二轮核污染水排海预计持续17天#据日本TBS电视台网站今天（4日）报道，东京电力公司计划于当地时间5日上午10点半（北京时间5日上午9点半）开始进行福岛第一核电站核污染水第二轮排海。据称，东电已经在本月3日之前进行了排海准备工作。第二轮排海计划排出大约78 ...全文,2023-10-04,0,0,HUAWEI P40 5G,6083245339,https://m.weibo.cn/detail/4953190237474911
4953190065769512,NmjIqocUE,8,【#日本计划明起第二轮核污染水排海#】#第二轮核污染水排海预计持续17天#据日本TBS电视台网站今天（4日）报道，东京电力公司计划于当地时间5日上午10点半（北京时间5日上午9点半）开始进行福岛第一核电站核污染水第二轮排海。据称，东电已经在本月3日之前进行了排海准备工作。第二轮排海计划排出大约78 ...全文,2023-10-04,13,2,微博网页版,1496814565,https://m.weibo.cn/detail/4953190065769512
4953184797460057,NmjzVviHv,2,#福岛核电站将于10月5日上午开始第二轮核污染水排放# 日本福岛第一核电站将于10月5日上午开始第二轮核污染水排放#日本开始准备核污染水第二轮排海# 蚌埠日报的微博视频 ,2023-10-04,8,1,微博视频号,3380541084,https://m.weibo.cn/detail/4953184797460057
4953183613882236,Nmjy1ghWI,0,【#日本明天上午开始第二轮核污染水排海#】#日本于5日上午开始第二轮核污染水排海#据日本TBS电视台网站今天（4日）报道，东京电力公司计划于当地时间5日上午10点半（北京时间5日上午9点半）开始进行福岛第一核电站核污染水第二轮排海。据称，东电已经在本月3日之前进行了排海准备工作。第二轮排海计划 ...全文,2023-10-04,1,2,iPhone 15 Pro,1750349192,https://m.weibo.cn/detail/4953183613882236
4953180256080367,NmjsBpvMr,0,【#日本第二轮核污水排海5日上午开始#】#日本明日上午开始第二轮核污染水排海# 据日本TBS电视台网站4日报道，东京电力公司计划于当地时间5日上午10点半（北京时间5日上午9点半）开始进行福岛第一核电站核污染水第二轮排海。据称，东电已经在本月3日之前进行了排海准备工作。第二轮排海计划排出大约7800 ...全文,2023-10-04,5,1,微博网页版,1652484947,https://m.weibo.cn/detail/4953180256080367
4953180128940963,NmjsoBvX5,2,【#日本第二轮核污染水排海5日上午开始#，预计持续17天】据日本TBS电视台网站4日报道，东京电力公司计划于当地时间5日上午10点半（北京时间5日上午9点半）开始进行福岛第一核电站核污染水第二轮排海。据称，东电已经在本月3日之前进行了排海准备工作。第二轮排海计划排出大约7800吨核污染水，与第一轮 ...全文,2023-10-04,6,3,微博网页版,1708763410,https://m.weibo.cn/detail/4953180128940963
4953179647905162,NmjrCxauC,2,【#日本明天上午开始第二轮核污染水排海#】据日本TBS电视台网站今天（4日）报道，东京电力公司计划于当地时间5日上午10点半（北京时间5日上午9点半）开始进行福岛第一核电站核污染水第二轮排海。据称，东电已经在本月3日之前进行了排海准备工作。第二轮排海计划排出大约7800吨核污染水，与第一轮排放量 ...全文,2023-10-04,4,6,HUAWEI Mate 30 Pro,5897816720,https://m.weibo.cn/detail/4953179647905162
4953178741409192,Nmjqa5UAU,4,【#日本5日上午开始第二轮核污染水排海#】据日本TBS电视台网站4日报道，东京电力公司计划于当地时间5日10时30分（北京时间5日9时30分）开始进行福岛第一核电站核污染水第二轮排海。据称，东电已经在本月3日之前进行了排海准备工作。第二轮排海计划排出大约7800吨核污染水，与第一轮排放量相当，预计本 ...全文,2023-10-04,24,9,微博网页版,1683472727,https://m.weibo.cn/detail/4953178741409192
4953177654822353,NmjopkevT,3,【#日本明日开始第二轮核污染水排海#】据日本TBS电视台网站今天（4日）报道，东京电力公司计划于当地时间5日上午10点半（北京时间5日上午9点半）开始进行福岛第一核电站核污染水第二轮排海。据称，东电已经在本月3日之前进行了排海准备工作。第二轮排海计划排出大约7800吨核污染水，与第一轮排放量相当 ...全文,2023-10-04,3,0,微博视频号,1879476167,https://m.weibo.cn/detail/4953177654822353
4953177045602750,NmjnqnvwW,0,【#日本5日上午开始第二轮核污染水排海#】据日本TBS电视台网站今天（4日）报道，东京电力公司计划于当地时间5日上午10点半（北京时间5日上午9点半）开始进行福岛第一核电站核污染水第二轮排海。据称，东电已经在本月3日之前进行了排海准备工作。第二轮排海计划排出大约7800吨核污染水，与第一轮排放量 ...全文,2023-10-04,0,0,HUAWEI P40 Pro 5G,1752863270,https://m.weibo.cn/detail/4953177045602750
4953174509356771,NmjjkDg7F,0,【#日本第二轮核污水排海5日上午开始#，预计持续17天】#日本第二轮核污水排海预计持续17天#据日本TBS电视台网站4日报道，东京电力公司计划于当地时间5日上午10点半（北京时间5日上午9点半）开始进行福岛第一核电站核污染水第二轮排海。据称，东电已经在本月3日之前进行了排海准备工作。第二轮排海计划 ...全文,2023-10-04,0,0,微博网页版,1625232640,https://m.weibo.cn/detail/4953174509356771
4953173964359838,NmjisiibY,72,【#日本第二轮核污水排海5日上午开始#，预计持续17天】#日本第二轮核污水排海预计持续17天#据日本TBS电视台网站4日报道，东京电力公司计划于当地时间5日上午10点半（北京时间5日上午9点半）开始进行福岛第一核电站核污染水第二轮排海。据称，东电已经在本月3日之前进行了排海准备工作。第二轮排海计划 ...全文,2023-10-04,374,51,微博网页版,5044281310,https://m.weibo.cn/detail/4953173964359838
4953171945850179,NmjfcoxTJ,0,【#日本明天上午开始第二轮核污染水排海#】据日本TBS电视台网站10月4日报道，东京电力公司计划于当地时间10月5日上午10点半（北京时间10月5日上午9点半）开始进行福岛第一核电站核污染水第二轮排海。据称，东电已经在本月3日之前进行了排海准备工作。第二轮排海计划排出大约7800吨核污染水，与第一轮排 ...全文,2023-10-04,2,6,微博网页版,1960785875,https://m.weibo.cn/detail/4953171945850179
4953171866946503,Nmjf4t96n,2,#日本开始准备核污染水第二轮排海# . #男子在纽约街头因多看几眼被当街捅死#   外面的世界很精彩！！！😱😱😱😱#信公知变白痴# ,2023-10-04,11,2,nova8Pro我由我掌镜,3282659472,https://m.weibo.cn/detail/4953171866946503
4953170549934116,NmjcWFGjG,1,【#日本明日上午开始第二轮核污染水排海#】据日本TBS电视台网站今天（4日）报道，东京电力公司计划于当地时间5日上午10点半（北京时间5日上午9点半）开始进行福岛第一核电站核污染水第二轮排海。据称，东电已经在本月3日之前进行了排海准备工作。第二轮排海计划排出大约7800吨核污染水，与第一轮排放量 ...全文,2023-10-04,9,1,,6115560351,https://m.weibo.cn/detail/4953170549934116
4953170410997150,NmjcJ4bp4,0,#日本5日上午开始第二轮核污水排海#最新消息：据日本TBS电视台网站今天（4日）报道，东京电力公司计划于当地时间5日上午10点半（北京时间5日上午9点半）开始进行福岛第一核电站核污染水第二轮排海。据称，东电已经在本月3日之前进行了排海准备工作。第二轮排海计划排出大约7800吨核污染水，与第一轮排 ...全文,2023-10-04,1,0,微博发布平台专业版,7761805397,https://m.weibo.cn/detail/4953170410997150
4953170410211637,NmjcJ0T3v,0,#日本5日上午开始第二轮核污水排海#最新消息：据日本TBS电视台网站今天（4日）报道，东京电力公司计划于当地时间5日上午10点半（北京时间5日上午9点半）开始进行福岛第一核电站核污染水第二轮排海。据称，东电已经在本月3日之前进行了排海准备工作。第二轮排海计划排出大约7800吨核污染水，与第一轮排 ...全文,2023-10-04,0,0,微博发布平台专业版,7750822151,https://m.weibo.cn/detail/4953170410211637
4953170406015914,NmjcIpf0S,23,#日本5日上午开始第二轮核污水排海#最新消息：据日本TBS电视台网站今天（4日）报道，东京电力公司计划于当地时间5日上午10点半（北京时间5日上午9点半）开始进行福岛第一核电站核污染水第二轮排海。据称，东电已经在本月3日之前进行了排海准备工作。第二轮排海计划排出大约7800吨核污染水，与第一轮排 ...全文,2023-10-04,23,4,微博发布平台专业版,2318910945,https://m.weibo.cn/detail/4953170406015914
4953170180571742,Nmjcm2oJE,0,【#日本明天上午开始第二轮核污染水排海#】#日本于5日上午开始第二轮核污染水排海#据日本TBS电视台网站今天（4日）报道，东京电力公司计划于当地时间5日上午10点半（北京时间5日上午9点半）开始进行福岛第一核电站核污染水第二轮排海。据称，东电已经在本月3日之前进行了排海准备工作。第二轮排海计划 ...全文,2023-10-04,1,1,iPhone客户端,2012816014,https://m.weibo.cn/detail/4953170180571742
4953169933897023,NmjbXglNd,1,【#日本明天上午开始第二轮核污染水排海#】据日本TBS电视台网站10月4日报道，东京电力公司计划于当地时间10月5日上午10点半（北京时间10月5日上午9点半）开始进行福岛第一核电站核污染水第二轮排海。据称，东电已经在本月3日之前进行了排海准备工作。第二轮排海计划排出大约7800吨核污染水，与第一轮排 ...全文,2023-10-04,1,1,微博网页版,3546332963,https://m.weibo.cn/detail/4953169933897023
4953169648683235,NmjbuAqUb,12,【#日本明日上午开始第二轮核污染水排海#】据日本TBS电视台网站今天（4日）报道，东京电力公司计划于当地时间5日上午10点半（北京时间5日上午9点半）开始进行福岛第一核电站核污染水第二轮排海。据称，东电已经在本月3日之前进行了排海准备工作。第二轮排海计划排出大约7800吨核污染水，与第一轮排放量 ...全文,2023-10-04,53,6,,1642512402,https://m.weibo.cn/detail/4953169648683235
4953167205764560,Nmj7yobCM,0,【#日本明天上午开始第二轮核污染水排海#】据日本TBS电视台网站10月4日报道，东京电力公司计划于当地时间10月5日上午10点半（北京时间10月5日上午9点半）开始进行福岛第一核电站核污染水第二轮排海。据称，东电已经在本月3日之前进行了排海准备工作。第二轮排海计划排出大约7800吨核污染水，与第一轮排 ...全文,2023-10-04,0,3,微博网页版,2967529507,https://m.weibo.cn/detail/4953167205764560
4953167178238262,Nmj7vyz9c,2,【#日本明日上午开始第二轮核污染水排海#】@CCTV国际时讯 消息，据日本TBS电视台网站今天（4日）报道，东京电力公司计划于当地时间5日上午10点半（北京时间5日上午9点半）开始进行福岛第一核电站核污染水第二轮排海。据称，东电已经在本月3日之前进行了排海准备工作。第二轮排海计划排出大约7800吨核污 ...全文,2023-10-04,4,2,微博网页版,5182171545,https://m.weibo.cn/detail/4953167178238262
4953166011170963,Nmj5D4UCv,2,【#日本明日上午开始第二轮核污染水排海#】@CCTV国际时讯 发布最新消息：据日本TBS电视台网站今天（4日）报道，东京电力公司计划于当地时间5日上午10点半（北京时间5日上午9点半）开始进行福岛第一核电站核污染水第二轮排海。据称，东电已经在本月3日之前进行了排海准备工作。第二轮排海计划排出大约78 ...全文,2023-10-04,3,1,微博网页版,1726426884,https://m.weibo.cn/detail/4953166011170963
4953165612449906,Nmj4ZahkC,13,【#日本明天上午开始第二轮核污染水排海#】据日本TBS电视台网站今天（4日）报道，东京电力公司计划于当地时间5日上午10点半（北京时间5日上午9点半）开始进行福岛第一核电站核污染水第二轮排海。据称，东电已经在本月3日之前进行了排海准备工作。第二轮排海计划排出大约7800吨核污染水，与第一轮排放量 ...全文,2023-10-04,26,33,,1642088277,https://m.weibo.cn/detail/4953165612449906
4953164950275620,Nmj3V19Hu,70,【#日本明天上午开始第二轮核污染水排海#】据日本TBS电视台网站今天（4日）报道，东京电力公司计划于当地时间5日上午10点半（北京时间5日上午9点半）开始进行福岛第一核电站核污染水第二轮排海。据称，东电已经在本月3日之前进行了排海准备工作。第二轮排海计划排出大约7800吨核污染水，与第一轮排放量 ...全文,2023-10-04,266,49,微博网页版,1784473157,https://m.weibo.cn/detail/4953164950275620
4953164048764785,Nmj2sAM7v,8,【#日本5日上午开始第二轮核污染水排海#】据日本TBS电视台网站今天（4日）报道，东京电力公司计划于当地时间5日上午10点半（北京时间5日上午9点半）开始进行福岛第一核电站核污染水第二轮排海。据称，东电已经在本月3日之前进行了排海准备工作。第二轮排海计划排出大约7800吨核污染水，与第一轮排放量 ...全文,2023-10-04,56,19,,1644948230,https://m.weibo.cn/detail/4953164048764785
4953163179755765,Nmj13EVV3,25,#日本明日上午开始第二轮核污染水排海#最新消息： 据日本TBS电视台网站今天（4日）报道，东京电力公司计划于当地时间5日上午10点半（北京时间5日上午9点半）开始进行福岛第一核电站核污染水第二轮排海。据称，东电已经在本月3日之前进行了排海准备工作。第二轮排海计划排出大约7800吨核污染水，与第一 ...全文,2023-10-04,150,40,,1371701597,https://m.weibo.cn/detail/4953163179755765
4953159833749281,NmiVFfJmh,0,10月4日国际消息快讯： 1、日本开始准备核污染水第二轮排海！ 2、中国男女队4x100米接力双双夺冠！ 3、俄罗斯彻底发飙，发出全球通缉令！       俄罗斯将国际刑事法院院长通缉！ 4、普京宣布重大消息！访华后将访问朝鲜！ 5、动真格了，俄军司令被“斩首”后，普京      发起报复，乌克兰付出沉重代价 ...全文,2023-10-04,1,0,微博网页版,5848272985,https://m.weibo.cn/detail/4953159833749281
4953145592774811,NmiyHbDR1,1,#微信过期文件打开的最简单方法#. #日本开始准备核污染水第二轮排海# 老天有眼： 念念不忘必有回响！！！                斯基泰战车的微博视频 ,2023-10-04,2,0,微博视频号,3282659472,https://m.weibo.cn/detail/4953145592774811
4953131089921142,NmibiFCWq,6,此鬼不除，必成大患！原子弹下无冤魂，真的应该给日本多放几个！  #日本开始准备核污染水第二轮排海# 西平郡御史的微博视频 ,2023-10-04,46,6,微博视频号,3176105483,https://m.weibo.cn/detail/4953131089921142
4953123912157249,NmhZJ93cl,0,俄外长拉夫罗夫：共建“一带一路”与亚欧大陆发展进程相契合。俄总统新闻秘书佩斯科夫：西方迟早厌倦支持乌克兰，将导致内部分裂。  日本开始准备核污染水第二轮排海。印度一医院31名患者因不明原因死亡。  墨西哥教堂坍塌事故已致11人死亡。泰国曼谷购物中心枪击事件已致3死2伤，凶手年仅14岁。 ,2023-10-04,1,0,iPhone 8 Plus,3191106110,https://m.weibo.cn/detail/4953123912157249
4953105659855166,NmhwhFlMi,0,【#日本开始准备核污染水第二轮排海#】 据共同社报道，日本东京电力公司3日开始进行福岛第一核电站核污染水第二轮排海前准备工作，测定即将排入海洋的核污染水中的氚浓度，如果浓度符合其所谓的“标准”，将从本月5日正式开始第二轮核污染水排海。第二轮排海计划排放量约为7800吨，排放周期约17天。 ...全文,2023-10-04,4,0,微博视频号,3514775860,https://m.weibo.cn/detail/4953105659855166
4953095879263864,NmhgvCRXa,0,让我们看一下真实的原新闻。所以，照小日本的说法，国庆中秋飞机总共才出行2100万中国人全飞去日本了啰？#日本开始准备核污染水第二轮排海# 现在除了之前买的旅游团不能退，或者在中国的日本人回乡探亲。谁没事往日本跑？万一吃到核食，不就癌症预备疫了？关键是其实福岛它整个县它全部核辐射污 ...全文,2023-10-04,4,0,,1829557633,https://m.weibo.cn/detail/4953095879263864
4953093550115026,NmhcL0tVg,0,#天津早知道# 【日本开始准备】日本东京电力公司3日开始进行福岛第一核电站核污染水第二轮排海前准备工作，测定即将排入海洋的核污染水中的氚浓度，如果浓度符合其所谓的“标准”，将从本月5日正式开始第二轮核污染水排海。#日本将启动第二轮核污染水排海##日本福岛第一核电站启动核污染水排海# ,2023-10-04,1,0,HUAWEI Mate 20 X 5G,2530417354,https://m.weibo.cn/detail/4953093550115026
4953090097941432,Nmh7bxjVC,0,日本或从10月5日开始第二轮核污染水排海#日本开始准备核污染水第二轮排海# 金融时报的微博视频 ,2023-10-04,5,0,微博视频号,2699543161,https://m.weibo.cn/detail/4953090097941432
4953061786387883,NmgnwqNMn,1,【#日本开始准备核污染水第二轮排海#】  据共同社报道，日本东京电力公司今天（3日）开始进行福岛第一核电站核污染水第二轮排海前准备工作，测定即将排入海洋的核污染水中的氚浓度，如果浓度符合其所谓的“标准”，将从本月5日正式开始第二轮核污染水排海。第二轮排海计划排放量约为7800吨，排放周期约 ...全文,2023-10-04,5,0,微博网页版,1739964112,https://m.weibo.cn/detail/4953061786387883
4953055679743399,NmgdFESHB,2,据央视援引俄罗斯卫星通讯社3日报道，日本东京电力公司当天开始进行福岛第一核电站核污染水第二轮排海前准备工作  据悉，第二轮排海计划排放量约为7800吨，排放周期约17天 ,2023-10-04,42,7,微博网页版,3903135431,https://m.weibo.cn/detail/4953055679743399
4953055181932628,NmgcS86Lq,0,【#日本第二轮核污染水排海将从10月5日开始#】据俄罗斯卫星通讯社3日报道，日本东京电力公司当天开始进行福岛第一核电站核污染水第二轮排海前准备工作，测定即将排入海洋的核污染水中的氚浓度，如果浓度符合其所谓的“标准”，将从本月5日正式开始第二轮核污染水排海。第二轮排海计划排放量约为7800吨 ...全文,2023-10-04,1,1,微博网页版,1751714412,https://m.weibo.cn/detail/4953055181932628
4953047416701516,Nmg0ls7mY,1,【#日本开始准备核污染水第二轮排海##日本第二轮核污染水排放量约7800吨#】据俄罗斯卫星通讯社3日报道，日本东京电力公司当天开始进行福岛第一核电站核污染水第二轮排海前准备工作，测定即将排入海洋的核污染水中的氚浓度，如果浓度符合其所谓的“标准”，将从本月5日正式开始第二轮核污染水排海。第二 ...全文,2023-10-04,0,2,,1641561812,https://m.weibo.cn/detail/4953047416701516
4953042594039391,NmfSzgWPt,0,【投票｜#以后吃海鲜时你会担心吗#】据报道，#日本开始准备核污染水第二轮排海#。那么以后吃海鲜时你会担心吗？ 莱西  网页链接 ,2023-10-04,27,0,iPhone客户端,3978107689,https://m.weibo.cn/detail/4953042594039391
4953035710923563,NmfHt3Sgb,12,【#日媒炒作中国人赴日旅游热#】#日媒为何炮制中国人赴日旅游热#日媒密集炒作“中国人赴日旅游热”，事实是日媒在混淆视听，赴日团队游“几乎没人报”！（青豆新闻） #日本开始准备核污染水第二轮排海# 新浪军事的微博视频 ,2023-10-04,13,5,微博视频号,3272793387,https://m.weibo.cn/detail/4953035710923563
4953033697395866,NmfEdv20a,2,【借假期炒作！#日媒称北京飞东京的航班座无虚席#：刻意制造中国人“不在乎日本核污染水排海”等误导性论调】#日媒借我国假期炒作制造误导论调# 据环球网：有人注意到，日本富士电视台、《每日新闻》等多家媒体在中国这个“黄金周”前就开始密集炒作所谓“从北京飞往东京的航班座无虚席”“日本成为中 ...全文,2023-10-04,2,0,荣耀Magic V,3176105483,https://m.weibo.cn/detail/4953033697395866
4953030769773209,NmfzuF0sp,24,#日本开始准备核污染水第二轮排海##日本女足全队向水庆霞鞠躬# 这两个话题放在一起，生动形象准确的说明了日本国和日本人： 知小礼而无大义，拘小节而无大德，重末节而轻廉耻，畏威而不怀德，强必盗寇，弱必卑伏 ,2023-10-04,166,21,,1874361623,https://m.weibo.cn/detail/4953030769773209
4953030280350430,NmfyI1ta6,0,#早关注# 中新网：据日本共同社报道，东京电力公司3日启动了福岛第一核电站核污染水第二轮排海前准备工作。据报道，测定即将排入海洋的核污染水中的氚浓度，如果浓度符合其所谓的“标准”，将于5日正式开始第二轮核污染水排海。        报道称，第二轮排放的核污染水总量预计仍将在7800吨左右，与第一 ...全文,2023-10-04,0,0,华为Mate30E Pro 5G,2121496817,https://m.weibo.cn/detail/4953030280350430
4953028564353285,NmfvWiguh,0,#bilibili# thatBieber的视频核污水 #日本开始准备核污染水第二轮排海##日本将启动第二轮核污染水排海# ,2023-10-04,1,0,哔哩哔哩移动客户端,3266844252,https://m.weibo.cn/detail/4953028564353285
4953019612660911,NmfhvbadV,1,#bilibili# WOTB托尼的视频距日本核污染水到达中国东部沿海还剩200天。永远不要放弃战斗！！！ #日本开始准备核污染水第二轮排海##日本将启动第二轮核污染水排海# ,2023-10-04,0,0,哔哩哔哩移动客户端,3266844252,https://m.weibo.cn/detail/4953019612660911
4953013129052803,Nmf72BZ2X,0,国际国内时事新闻据报道，日本东京电力公司3日开始进行福岛第一核电站核污染水第二轮排海前准备工作，测定即将排入海洋的核污染水中的氚浓度，如果浓度符合其所谓的“标准”，将从本月5日正式开始第二轮核污染水排海。第二轮排海计划排放量约为7800吨，排放周期约17天。#日本# ...全文,2023-10-04,0,0,国际国内时事新闻超话,2089536157,https://m.weibo.cn/detail/4953013129052803
4953008192094407,NmeZ58MQL,0,#日本开始准备核污染水第二轮排海##以后吃海鲜时你会担心吗# 千寻想起了在人间的记忆 神和她的孩子在跳舞的微博视频 ,2023-10-04,2,0,微博视频号,1982174682,https://m.weibo.cn/detail/4953008192094407
4952924239956065,NmcNFFM1H,36,真不敢相信，日本女足在淘汰中国女足后，居然齐刷刷的跑到中国女足主教练前面鞠躬。于是就有不少人开始吹嘘日本的素质了，而且对于此事的批评者，这些人则是称“中国人格局太小”…说实话，对于此事，我的感觉真是恶心到家了，这不就是和日本球迷全世界捡垃圾一个操作吗？捡个垃圾，鞠个躬就把你们感动 ...全文,2023-10-04,306,8,,1863031164,https://m.weibo.cn/detail/4952924239956065
4952916483639969,NmcBafgVb,14,真是恶心到家了，这不就是和日本球迷全世界捡垃圾一个操作吗？估计就又有人开始吹嘘日本人的素质了。如果日本人真有素质，就不会把核武水排入大海了。还是刘老师说的对:“日本人一向如此，懂小礼而无大义。 ”  #日本女足全队向水庆霞鞠躬##日本开始准备核污染水第二轮排海# 西平郡御史的微博视频 ,2023-10-04,101,6,微博视频号,1863031164,https://m.weibo.cn/detail/4952916483639969
4952893109831952,NmbZsFfJS,9,【#日本开始准备核污染水第二轮排海##日本第二轮核污染水排放量约7800吨#】据俄罗斯卫星通讯社3日报道，日本东京电力公司当天开始进行福岛第一核电站核污染水第二轮排海前准备工作，测定即将排入海洋的核污染水中的氚浓度，如果浓度符合其所谓的“标准”，将从本月5日正式开始第二轮核污染水排海。第二 ...全文,2023-10-03,45,17,微博网页版,2258727970,https://m.weibo.cn/detail/4952893109831952
4952889199170900,NmbT9CtLK,0,【#日本开始准备核污染水第二轮排海#】 据共同社报道，日本东京电力公司今天（3日）开始进行福岛第一核电站核污染水第二轮排海前准备工作，测定即将排入海洋的核污染水中的氚浓度，如果浓度符合其所谓的“标准”，将从本月5日正式开始第二轮核污染水排海。第二轮排海计划排放量约为7800吨，排放周期约1 ...全文,2023-10-03,0,0,Android,3771857862,https://m.weibo.cn/detail/4952889199170900
4952880726938825,NmbFut76x,0,#以后吃海鲜时你会担心吗#【#日本开始准备核污染水第二轮排海#】 据共同社报道，日本东京电力公司今天（3日）开始进行福岛第一核电站核污染水第二轮排海前准备工作，测定即将排入海洋的核污染水中的氚浓度，如果浓度符合其所谓的“标准”，将从本月5日正式开始第二轮核污染水排海。第二轮排海计划排放 ...全文,2023-10-03,0,0,HarmonyOS设备,5522399953,https://m.weibo.cn/detail/4952880726938825
4952873501199204,NmbtQ51Y0,0,#日本开始准备核污染水第二轮排海# 日本的“恶心计划”目的已经达到，大家见闻习惯了，就无所谓了。第二次排海，舆论明显没有热度，大家都麻木了。中国想法子刺激日本，让核污水排海事态升级。 ,2023-10-03,3,0,HUAWEI P40 Pro 5G,2164864917,https://m.weibo.cn/detail/4952873501199204
4952864940890447,Nmbg23JE3,0,日本进行核污染水第二轮排海前准备工作，5日开始第二轮核污染水排海！排放量约为7800吨，排放周期约17天。 涛淼的微博视频 ,2023-10-03,0,1,iPhone 15 Pro Max,1256692472,https://m.weibo.cn/detail/4952864940890447
4952860388756949,Nmb8GAK57,4,日本进行核污染水第二轮排海前准备工作，5日开始第二轮核污染水排海！排放量约为7800吨  排放周期约17天。武统 武统号的微博视频 ,2023-10-03,9,5,武统超话,6382367593,https://m.weibo.cn/detail/4952860388756949
4952858582061745,Nmb5M8ElX,3,#日本开始准备核污染水第二轮排海#据共同社报道，日本东京电力公司今天（3日）开始进行福岛第一核电站核污染水第二轮排海前准备工作，测定即将排入海洋的核污染水中的氚浓度，如果浓度符合其所谓的“标准”，将从本月5日正式开始第二轮核污染水排海。第二轮排海计划排放量约为7800吨，排放周期约17天。 ...全文,2023-10-03,4,3,HarmonyOS设备,3703679100,https://m.weibo.cn/detail/4952858582061745
4952857436755345,Nmb3Vslnb,0,#日本开始准备核污染水第二轮排海#  有病是不是啊？ 你能不能一个国家一个地球生活呀？ ,2023-10-03,6,0,vivo S16,7709471000,https://m.weibo.cn/detail/4952857436755345
4952857076043521,Nmb3lpmc9,0,#以后吃海鲜时你会担心吗#【#日本开始准备核污染水第二轮排海#】 据共同社报道，日本东京电力公司今天（3日）开始进行福岛第一核电站核污染水第二轮排海前准备工作，测定即将排入海洋的核污染水中的氚浓度，如果浓度符合其所谓的“标准”，将从本月5日正式开始第二轮核污染水排海。第二轮排海计划排放 ...全文,2023-10-03,1,0,iPhone客户端,6058816447,https://m.weibo.cn/detail/4952857076043521
4952855213249302,Nmb0ldDi6,0,#传媒君有话说# 据共同社报道，日本东京电力公司将从本月5日正式开始第二轮核污染水排海。第二轮排海计划排放量约为7800吨，排放周期约17天。#日本开始准备核污染水第二轮排海#同时，在日本核污染废水排海的敏感时刻，挪威、冰岛等欧盟国家，却取消了对日本海产品长达12年的进口禁令并已签署文件，所以 ...全文,2023-10-03,2,0,Hi nova 10 Pro,7471870949,https://m.weibo.cn/detail/4952855213249302
4952853509834624,NmaXAFgqY,0,#日本将启动第二轮核污水排海#  10月3日据日本共同社报道，东京电力公司3日启动了福岛第一核电站核污染水第二轮排海前准备工作。 据报道，测定即将排入海洋的核污染水中的氚浓度，如果浓度符合其所谓的“标准”，将于5日正式开始第二轮核污染水排海。 报道称，第二轮排放的核污染水总量预计仍将在7800 ...全文,2023-10-03,3,1,微博视频号,3236242114,https://m.weibo.cn/detail/4952853509834624
4952851925696538,NmaV2nTVE,12,#以后吃海鲜时你会担心吗#【#日本开始准备核污染水第二轮排海#】 据共同社报道，日本东京电力公司今天（3日）开始进行福岛第一核电站核污染水第二轮排海前准备工作，测定即将排入海洋的核污染水中的氚浓度，如果浓度符合其所谓的“标准”，将从本月5日正式开始第二轮核污染水排海。第二轮排海计划排放 ...全文,2023-10-03,13,23,微博视频号,3600956903,https://m.weibo.cn/detail/4952851925696538
4952851442305091,NmaUg9FET,2,#日媒炒作中国人赴日旅游热#今年国庆中秋我身边的人感觉国内游的比较多，基本不怎么出国。我在朋友圈跟着天南地北走了一遍。#日本开始准备核污染水第二轮排海# 会火大叔的微博视频 ,2023-10-03,6,1,iPhone 13 Pro,2713866045,https://m.weibo.cn/detail/4952851442305091
4952851375197416,NmaU9lO5i,0,#以后吃海鲜时你会担心吗#【#日本开始准备核污染水第二轮排海#】 据共同社报道，日本东京电力公司今天（3日）开始进行福岛第一核电站核污染水第二轮排海前准备工作，测定即将排入海洋的核污染水中的氚浓度，如果浓度符合其所谓的“标准”，将从本月5日正式开始第二轮核污染水排海。第二轮排海计划排放 ...全文,2023-10-03,0,0,微博视频号,3806199621,https://m.weibo.cn/detail/4952851375197416
4952848973172633,NmaQhdjlv,0,【#日本开始准备核污染水第二轮排海#】据共同社报道，日本东京电力公司今天（3日）开始进行福岛第一核电站核污染水第二轮排海前准备工作，测定即将排入海洋的核污染水中的氚浓度，如果浓度符合其所谓的“标准”，将从本月5日正式开始第二轮核污染水排海。第二轮排海计划排放量约为7800吨，排放周期约17 ...全文,2023-10-03,2,1,微博网页版,1193725273,https://m.weibo.cn/detail/4952848973172633
4952847810300509,NmaOp1gaV,0,#以后吃海鲜时你会担心吗#【#日本开始准备核污染水第二轮排海#】 据共同社报道，日本东京电力公司今天（3日）开始进行福岛第一核电站核污染水第二轮排海前准备工作，测定即将排入海洋的核污染水中的氚浓度，如果浓度符合其所谓的“标准”，将从本月5日正式开始第二轮核污染水排海。第二轮排海计划排放 ...全文,2023-10-03,2,2,微博视频号,5608027665,https://m.weibo.cn/detail/4952847810300509
4952847127677267,NmaNiwdcT,367,日本东京电力公司10月3号开始进行福岛第一核电站核污染水第二轮排海前准备工作，测定即将排入海洋的核污染水中的氚浓度，如果浓度符合其所谓的“标准”，将从10月5日正式开始第二轮核污染水排海。第二轮排海计划排放量约为7800吨，排放周期约17天 现在关于这个话题的视频的热度是持续下降，但我任然要 ...全文,2023-10-03,2913,249,微博bb机,2963774131,https://m.weibo.cn/detail/4952847127677267
4952846293012984,NmaLXcDOw,14,【#日媒炒作中国人赴日旅游热#】#日媒为何炮制中国人赴日旅游热#日媒密集炒作“中国人赴日旅游热”，事实是日媒在混淆视听，赴日团队游“几乎没人报”！（青豆新闻） #日本开始准备核污染水第二轮排海# 新浪军事的微博视频 ,2023-10-03,14,9,微博视频号,1885454921,https://m.weibo.cn/detail/4952846293012984
4952842966143487,NmaGApMcv,0,#日本开始准备核污染水第二轮排海#据报道，#日本开始准备核污染水第二轮排海#。那么以后吃海鲜时你会担心吗？ ,2023-10-03,0,0,发贴大热的iPhone客户端,1811388432,https://m.weibo.cn/detail/4952842966143487
4952841809300051,NmaEID1mP,1,【#日媒炒作中国人赴日旅游热#】#日媒为何炮制中国人赴日旅游热#日媒密集炒作“中国人赴日旅游热”，事实是日媒在混淆视听，赴日团队游“几乎没人报”！（青豆新闻） #日本开始准备核污染水第二轮排海# 新浪军事的微博视频 ,2023-10-03,3,2,微博视频号,2526109982,https://m.weibo.cn/detail/4952841809300051
4952840650626156,NmaCR2CTi,0,【#日媒炒作中国人赴日旅游热#】#日媒为何炮制中国人赴日旅游热#日媒密集炒作“中国人赴日旅游热”，事实是日媒在混淆视听，赴日团队游“几乎没人报”！（青豆新闻） #日本开始准备核污染水第二轮排海# 新浪军事的微博视频 ,2023-10-03,0,0,微博视频号,2691879122,https://m.weibo.cn/detail/4952840650626156
4952839534675950,NmaB3jCqy,0,#日媒炒作中国人赴日旅游热#【#日媒炒作中国人赴日旅游热#】#日媒为何炮制中国人赴日旅游热#日媒密集炒作“中国人赴日旅游热”，事实是日媒在混淆视听，赴日团队游“几乎没人报”！（青豆新闻） #日本开始准备核污染水第二轮排海# 新浪军事的微博视频 ,2023-10-03,0,0,iPhone客户端,1967924953,https://m.weibo.cn/detail/4952839534675950
4952837777002104,Nmaydtnza,0,#以后吃海鲜时你会担心吗#【#日本开始准备核污染水第二轮排海#】 据共同社报道，日本东京电力公司今天（3日）开始进行福岛第一核电站核污染水第二轮排海前准备工作，测定即将排入海洋的核污染水中的氚浓度，如果浓度符合其所谓的“标准”，将从本月5日正式开始第二轮核污染水排海。第二轮排海计划排放 ...全文,2023-10-03,0,0,iPhone客户端,3978107689,https://m.weibo.cn/detail/4952837777002104
4952837739780625,Nmay9F2o1,0,【#日媒炒作中国人赴日旅游热#】#日媒为何炮制中国人赴日旅游热#日媒密集炒作“中国人赴日旅游热”，事实是日媒在混淆视听，赴日团队游“几乎没人报”！（青豆新闻） #日本开始准备核污染水第二轮排海# 新浪军事的微博视频 ,2023-10-03,0,0,iPhone客户端,2609425670,https://m.weibo.cn/detail/4952837739780625
4952837576201693,NmaxTq1lj,0,【#日媒炒作中国人赴日旅游热#】#日媒为何炮制中国人赴日旅游热#日媒密集炒作“中国人赴日旅游热”，事实是日媒在混淆视听，赴日团队游“几乎没人报”！（青豆新闻） #日本开始准备核污染水第二轮排海# 新浪军事的微博视频 ,2023-10-03,0,0,iPhone客户端,1851764777,https://m.weibo.cn/detail/4952837576201693
4952837182984653,Nmaxgcwrz,1,#日本开始准备核污染水第二轮排海#不是 为什么小日本这么贱啊 ,2023-10-03,3,0,Redmi 9A,7633413060,https://m.weibo.cn/detail/4952837182984653
4952836029284967,NmavoCXrx,0,【今日热搜 | 返程路上警惕台风雨！假期天气剧透→】 1.#警惕台风小犬给广东带来明显风雨# 2.#华为悬念 未完待续# 3.#苏炳添的奥运铜牌来了# 4.#全红婵陈芋汐包揽冠亚军# 5.#中国天眼新发现76颗暗弱的偶发脉冲星# 6.#广东早有布局诺奖青睐的mRNA领域# 7.#研招网回应女生手滑拒绝保研通知# 8. ...全文,2023-10-03,3,0,微博视频号,1682207150,https://m.weibo.cn/detail/4952836029284967
4952833952055961,Nmas38CQF,0,【#日媒炒作中国人赴日旅游热#】#日媒为何炮制中国人赴日旅游热#日媒密集炒作“中国人赴日旅游热”，事实是日媒在混淆视听，赴日团队游“几乎没人报”！（青豆新闻） #日本开始准备核污染水第二轮排海# 新浪军事的微博视频 ,2023-10-03,0,0,微博视频号,6594195406,https://m.weibo.cn/detail/4952833952055961
4952832719720617,Nmaq3EMM9,111,#日本开始准备核污染水第二轮排海# 日本富士山蓄势待发 寰球镜头的微博视频 ,2023-10-03,1246,61,微博视频号,7188247797,https://m.weibo.cn/detail/4952832719720617
4952832710809690,Nmaq33oDw,3,【日本启动第二轮排海前准备工作 预计排放约7800吨核污水】据日本共同社报道，东京电力公司3日启动了福岛第一核电站核污染水第二轮排海前准备工作。  据报道，测定即将排入海洋的核污染水中的氚浓度，如果浓度符合其所谓的“标准”，将于5日正式开始第二轮核污染水排海。 　　 报道称，第二轮排放的核 ...全文,2023-10-03,1,1,微博网页版,2712601544,https://m.weibo.cn/detail/4952832710809690
4952831082630224,Nmanqb2eY,0,【#日媒炒作中国人赴日旅游热#】#日媒为何炮制中国人赴日旅游热#日媒密集炒作“中国人赴日旅游热”，事实是日媒在混淆视听，赴日团队游“几乎没人报”！（青豆新闻） #日本开始准备核污染水第二轮排海#新浪军事的微博视频 ,2023-10-03,0,0,微博视频号,3706843351,https://m.weibo.cn/detail/4952831082630224
4952830677616935,NmamLvXvN,0,【#日本开始核污染水第二轮排海前准备工作#】据共同社报道，日本东京电力公司今天（3日）开始进行福岛第一核电站核污染水第二轮排海前准备工作，测定即将排入海洋的核污染水中的氚浓度，如果浓度符合其所谓的“标准”，将从本月5日正式开始第二轮核污染水排海。第二轮排海计划排放量约为7800吨，排放周 ...全文,2023-10-03,3,0,iPhone客户端,1569569157,https://m.weibo.cn/detail/4952830677616935
4952828365243678,Nmaj2m07s,0,【#日媒炒作中国人赴日旅游热#】#日媒为何炮制中国人赴日旅游热#日媒密集炒作“中国人赴日旅游热”，事实是日媒在混淆视听，赴日团队游“几乎没人报”！（青豆新闻） #日本开始准备核污染水第二轮排海# 新浪军事的微博视频 ,2023-10-03,0,0,微博视频号,2641262894,https://m.weibo.cn/detail/4952828365243678
4952826414632346,NmafTjr5g,8,#日本开始准备核污染水第二轮排海#又开始了是吧小日子 ,2023-10-03,26,0,,7509369388,https://m.weibo.cn/detail/4952826414632346
4952825614828009,NmaeBkfZ7,0,【#日媒炒作中国人赴日旅游热#】#日媒为何炮制中国人赴日旅游热#日媒密集炒作“中国人赴日旅游热”，事实是日媒在混淆视听，赴日团队游“几乎没人报”！（青豆新闻） #日本开始准备核污染水第二轮排海# 新浪军事的微博视频 ,2023-10-03,0,0,微博视频号,1400155577,https://m.weibo.cn/detail/4952825614828009
4952824741368103,Nmadc5JUb,0,日本开始准备核污染水第二轮排海。  #日本开始准备核污染水第二轮排海# 找剑的七公子的微博视频 ,2023-10-03,2,0,微博视频号,1853107267,https://m.weibo.cn/detail/4952824741368103
4952822552466503,Nma9FalEj,2,【#日媒炒作中国人赴日旅游热#】#日媒为何炮制中国人赴日旅游热#日媒密集炒作“中国人赴日旅游热”，事实是日媒在混淆视听，赴日团队游“几乎没人报”！（青豆新闻） #日本开始准备核污染水第二轮排海# 新浪军事的微博视频 ,2023-10-03,4,0,微博视频号,5103370314,https://m.weibo.cn/detail/4952822552466503
4952821831308722,Nma8v5usq,3,【#日媒炒作中国人赴日旅游热#】#日媒为何炮制中国人赴日旅游热#日媒密集炒作“中国人赴日旅游热”，事实是日媒在混淆视听，赴日团队游“几乎没人报”！（青豆新闻） #日本开始准备核污染水第二轮排海# 新浪军事的微博视频 ,2023-10-03,2,0,微博视频号,3624543863,https://m.weibo.cn/detail/4952821831308722
4952821386969867,Nma7Mtfbd,0,【#日媒炒作中国人赴日旅游热#】#日媒为何炮制中国人赴日旅游热#日媒密集炒作“中国人赴日旅游热”，事实是日媒在混淆视听，赴日团队游“几乎没人报”！（青豆新闻） #日本开始准备核污染水第二轮排海# 新浪军事的微博视频 ,2023-10-03,1,0,微博视频号,6351705477,https://m.weibo.cn/detail/4952821386969867
4952821154713637,Nma7pjMep,3,#日媒炒作中国人赴日旅游热#事实是日媒在混淆视听，赴日团队游“几乎没人报”！正经人谁去小日本旅游#日本开始准备核污染水第二轮排海#保命要紧，离小日本越远越好，还去旅游呢？吹吧你们就！！！ ,2023-10-03,24,2,拖延症的一天,6266404141,https://m.weibo.cn/detail/4952821154713637
4952818824516037,Nma3EiWPj,0,#日媒炒作中国人赴日旅游热##日媒为何炮制中国人赴日旅游热#日媒密集炒作“中国人赴日旅游热”，事实是日媒在混淆视听，赴日团队游“几乎没人报”！（青豆新闻） #日本开始准备核污染水第二轮排海# ,2023-10-03,0,0,发贴大热的iPhone客户端,1811388432,https://m.weibo.cn/detail/4952818824516037
4952818110957098,Nma2v40Z4,0,【日本开始准备核污水第二轮排海】据媒体报道，日本东京电力公司今天（10月3日）开始进行福岛第一核电站核污染水第二轮排海前准备工作，测定即将排入海洋的核污染水中的氚浓度，如果浓度符合其所谓的“标准”，将从本月5日正式开始第二轮核污染水排海。第二轮排海计划排放量约为7800吨，排放周期约17天 ...全文,2023-10-03,2,0,微博网页版,3563775165,https://m.weibo.cn/detail/4952818110957098
4952817439343943,Nma1pDcML,0,【#日本10月5日开始第二轮核污水排海#】据共同社报道，日本东京电力公司今天（3日）开始进行福岛第一核电站核污染水第二轮排海前准备工作，测定即将排入海洋的核污染水中的氚浓度，如果浓度符合其所谓的“标准”，将从本月5日正式开始第二轮核污染水排海。第二轮排海计划排放量约为7800吨，排放周期约1 ...全文,2023-10-03,2,0,iPhone客户端,5396650564,https://m.weibo.cn/detail/4952817439343943
4952815173897049,Nm9XLglND,34,#日媒炒作中国人赴日旅游热#真不敢相信，所谓国庆期间中国人赴日本旅游热，居然是日本媒体故意炒作的，其实压根就没几个人去日本旅游，而日本媒体报道的所谓“去日本旅游的航班全是满员”纯属子虚乌有，根本就没有这会事，为了忽悠中国游客去日本旅游，这些日本媒体也真够下作的。你们日本又一次把核污 ...全文,2023-10-03,270,29,,1863031164,https://m.weibo.cn/detail/4952815173897049
4952815036010564,Nm9XxpdCA,0,【#日媒炒作中国人赴日旅游热#】#日媒为何炮制中国人赴日旅游热#日媒密集炒作“中国人赴日旅游热”，事实是日媒在混淆视听，赴日团队游“几乎没人报”！（青豆新闻） #日本开始准备核污染水第二轮排海# 新浪军事的微博视频 ,2023-10-03,0,0,微博视频号,6083245339,https://m.weibo.cn/detail/4952815036010564
4952813774309519,Nm9Vvi56n,0,【#日媒炒作中国人赴日旅游热#】#日媒为何炮制中国人赴日旅游热#日媒密集炒作“中国人赴日旅游热”，事实是日媒在混淆视听，赴日团队游“几乎没人报”！（青豆新闻） #日本开始准备核污染水第二轮排海# 新浪军事的微博视频 ,2023-10-03,0,0,iPhone客户端,3316903742,https://m.weibo.cn/detail/4952813774309519
4952813563810135,Nm9VafZbN,16,【#日媒炒作中国人赴日旅游热#】#日媒为何炮制中国人赴日旅游热#日媒密集炒作“中国人赴日旅游热”，事实是日媒在混淆视听，赴日团队游“几乎没人报”！（青豆新闻） #日本开始准备核污染水第二轮排海# 新浪军事的微博视频 ,2023-10-03,9,0,微博视频号,2397860672,https://m.weibo.cn/detail/4952813563810135
4952812892456470,Nm9U5aj2u,1,【#日本开始准备核污染水第二轮排海#】据共同社报道，日本东京电力公司今天（3日）开始进行福岛第一核电站核污染水第二轮排海前准备工作，测定即将排入海洋的核污染水中的氚浓度，如果浓度符合其所谓的“标准”，将从本月5日正式开始第二轮核污染水排海。第二轮排海计划排放量约为7800吨，排放周期约17 ...全文,2023-10-03,3,1,微博网页版,6221932120,https://m.weibo.cn/detail/4952812892456470
4952812629002341,Nm9TEBLV3,1,【#日本开始准备核污染水第二轮排海#】据共同社报道，日本东京电力公司今天（3日）开始进行福岛第一核电站核污染水第二轮排海前准备工作，测定即将排入海洋的核污染水中的氚浓度，如果浓度符合其所谓的“标准”，将从本月5日正式开始第二轮核污染水排海。第二轮排海计划排放量约为7800吨，排放周期约17 ...全文,2023-10-03,14,1,微博网页版,1284139322,https://m.weibo.cn/detail/4952812629002341
4952812301584053,Nm9T86E5f,0,#日本开始准备核污染水第二轮排海# 日本开始准备核污染水第二轮排海、第二轮排海计划排放量约为7800吨排放周期约17天！（央视新闻）利刃空天的微博视频 ,2023-10-03,4,1,微博视频号,6209092845,https://m.weibo.cn/detail/4952812301584053
4952812237882246,Nm9T1x4x0,0,【#日媒炒作中国人赴日旅游热#】#日媒为何炮制中国人赴日旅游热#日媒密集炒作“中国人赴日旅游热”，事实是日媒在混淆视听，赴日团队游“几乎没人报”！（青豆新闻） #日本开始准备核污染水第二轮排海# 新浪军事的微博视频 ,2023-10-03,0,0,微博视频号,3941972441,https://m.weibo.cn/detail/4952812237882246
4952812229496673,Nm9T0DQw9,0,【7800吨！#日本第二轮核污染水排海#时间定了！】据日本共同社10月3日报道，东京电力公司当天开始进行福岛第一核电站核污染水第二轮排海前准备工作，预计将于5日正式开始。报道称，东京电力公司3日将检测核污染水样本中的氚浓度，如果浓度符合日方所谓的标准，将从5日正式开始第二轮排海。第二轮排海计 ...全文,2023-10-03,0,0,微博视频号,3848311310,https://m.weibo.cn/detail/4952812229496673
4952811618175395,Nm9S1yiNd,0,#日本开始准备核污染水第二轮排海# 日本开始准备核污染水第二轮排海、第二轮排海计划排放量约为7800吨排放周期约17天！（央视新闻）利刃空天的微博视频 ,2023-10-03,1,0,微博视频号,6209092845,https://m.weibo.cn/detail/4952811618175395
4952811533763252,Nm9RTfMZC,0,#日媒炒作中国人赴日旅游热#【#日媒为何炮制中国人赴日旅游热#】据@新浪军事，日媒密集炒作“中国人赴日旅游热”，事实是日媒在混淆视听，赴日团队游“几乎没人报”！ #日本开始准备核污染水第二轮排海# @新浪军事的微博视频  美东侨报的微博视频 ,2023-10-03,0,0,微博视频号,2376534624,https://m.weibo.cn/detail/4952811533763252
4952811101749959,Nm9Rc7lf9,0,#日媒炒作中国人赴日旅游热#现在日本人对我们中国人还是很有意见的，就是核污水的事，他们以为他们经济变差了，是以为我们针对，所以这时候去日本旅游的，真的脑子不太清楚了。#日媒为何炮制中国人赴日旅游热##日本开始准备核污染水第二轮排海# ,2023-10-03,5,3,微博网页版,7623834762,https://m.weibo.cn/detail/4952811101749959
4952810959145777,Nm9QXCnex,0,#日本开始准备核污染水第二轮排海# 日本开始准备核污染水第二轮排海、第二轮排海计划排放量约为7800吨排放周期约17天！（央视新闻）利刃空天的微博视频 ,2023-10-03,2,0,微博视频号,6209092845,https://m.weibo.cn/detail/4952810959145777
4952810397632407,Nm9Q3w1xl,0,#日本开始准备核污染水第二轮排海# 日本开始准备核污染水第二轮排海、第二轮排海计划排放量约为7800吨排放周期约17天！（央视新闻）利刃空天的微博视频 ,2023-10-03,2,0,微博视频号,6209092845,https://m.weibo.cn/detail/4952810397632407
4952809754855978,Nm9P1knge,0,#日本开始准备核污染水第二轮排海# 日本开始准备核污染水第二轮排海、第二轮排海计划排放量约为7800吨排放周期约17天！（央视新闻）利刃空天的微博视频 ,2023-10-03,2,1,微博视频号,6209092845,https://m.weibo.cn/detail/4952809754855978
4952809294791304,Nm9Ohk6r6,0,【#日媒炒作中国人赴日旅游热#】#日媒为何炮制中国人赴日旅游热#日媒密集炒作“中国人赴日旅游热”，事实是日媒在混淆视听，赴日团队游“几乎没人报”！（青豆新闻） #日本开始准备核污染水第二轮排海# 新浪军事的微博视频 ,2023-10-03,0,0,Android,6910453729,https://m.weibo.cn/detail/4952809294791304
4952808052490872,Nm9MharZm,2,#日媒炒作中国人赴日旅游热#日本人的不要脸可见一斑！ 【#日媒炒作中国人赴日旅游热#】#日媒为何炮制中国人赴日旅游热#日媒密集炒作“中国人赴日旅游热”，事实是日媒在混淆视听，赴日团队游“几乎没人报”！（青豆新闻） #日本开始准备核污染水第二轮排海# 新浪军事的微博视频 ,2023-10-03,9,1,微博视频号,1874361623,https://m.weibo.cn/detail/4952808052490872
4952807550223060,Nm9Lt0W1K,0,【#日本10月5日开始第二轮核污水排海#】据共同社报道，日本东京电力公司今天（3日）开始进行福岛第一核电站核污染水第二轮排海前准备工作，测定即将排入海洋的核污染水中的氚浓度，如果浓度符合其所谓的“标准”，将从本月5日正式开始第二轮核污染水排海。第二轮排海计划排放量约为7800吨，排放周期约1 ...全文,2023-10-03,5,6,微博视频号,1974561081,https://m.weibo.cn/detail/4952807550223060
4952807294373892,Nm9L3ilQE,2,【7800吨！日本第二轮核污染水排海#时间定了！】据日本共同社10月3日报道，东京电力公司当天开始进行福岛第一核电站核污染水第二轮排海前准备工作，预计将于5日正式开始。报道称，东京电力公司3日将检测核污染水样本中的氚浓度，如果浓度符合日方所谓的标准，将从5日正式开始第二轮排海。第二轮排海计 ...全文,2023-10-03,0,0,微博视频号,1925878362,https://m.weibo.cn/detail/4952807294373892
4952807074956273,Nm9KHkNlT,0,【#日媒炒作中国人赴日旅游热#】#日媒为何炮制中国人赴日旅游热#日媒密集炒作“中国人赴日旅游热”，事实是日媒在混淆视听，赴日团队游“几乎没人报”！（青豆新闻） #日本开始准备核污染水第二轮排海# 新浪军事的微博视频 ,2023-10-03,3,0,微博视频号,1280846847,https://m.weibo.cn/detail/4952807074956273
4952805603804611,Nm9IkfXKH,22,【#日媒炒作中国人赴日旅游热#】#日媒为何炮制中国人赴日旅游热#日媒密集炒作“中国人赴日旅游热”，事实是日媒在混淆视听，赴日团队游“几乎没人报”！（青豆新闻） #日本开始准备核污染水第二轮排海# 新浪军事的微博视频 ,2023-10-03,63,2,微博视频号,5816161945,https://m.weibo.cn/detail/4952805603804611
4952805440488172,Nm9I422ZK,0,【#日媒炒作中国人赴日旅游热#】#日媒为何炮制中国人赴日旅游热#日媒密集炒作“中国人赴日旅游热”，事实是日媒在混淆视听，赴日团队游“几乎没人报”！（青豆新闻） #日本开始准备核污染水第二轮排海# 新浪军事的微博视频 ,2023-10-03,0,0,微博视频号,2257033612,https://m.weibo.cn/detail/4952805440488172
4952805401430208,Nm9I0603S,0,【#日本第二轮核污染水计划排海7800吨#】据日本共同社10月3日报道，东京电力公司当天开始进行福岛第一核电站核污染水第二轮排海前准备工作，预计将于5日正式开始。报道称，东京电力公司3日将检测核污染水样本中的氚浓度，如果浓度符合日方所谓的标准，将从5日正式开始第二轮排海。第二轮排海计划排放量 ...全文,2023-10-03,2,0,微博视频号,1872005590,https://m.weibo.cn/detail/4952805401430208
4952805028136380,Nm9Hoy8DW,0,#日本开始准备核污染水第二轮排海#据共同社报道，日本东京电力公司今天（3日）开始进行福岛第一核电站核污染水第二轮排海前准备工作，测定即将排入海洋的核污染水中的氚浓度，如果浓度符合其所谓的“标准”，将从本月5日正式开始第二轮核污染水排海。第二轮排海计划排放量约为7800吨，排放周期约17天。 ...全文,2023-10-03,0,0,微博网页版,1830055592,https://m.weibo.cn/detail/4952805028136380
4952805019487561,Nm9HnDO9b,0,【#日媒炒作中国人赴日旅游热#】#日媒为何炮制中国人赴日旅游热#日媒密集炒作“中国人赴日旅游热”，事实是日媒在混淆视听，赴日团队游“几乎没人报”！（青豆新闻） #日本开始准备核污染水第二轮排海# 新浪军事的微博视频 ,2023-10-03,0,0,微博视频号,5680921012,https://m.weibo.cn/detail/4952805019487561
4952804252976968,Nm9G9curC,1,【#日媒炒作中国人赴日旅游热#事实是日媒在自慰！】#日媒为何炮制中国人赴日旅游热#日媒密集炒作“中国人赴日旅游热”，事实是日媒在混淆视听，赴日团队游“几乎没人报”！（青豆新闻） #日本开始准备核污染水第二轮排海# 新浪军事的微博视频 ,2023-10-03,2,1,微博视频号,1762152361,https://m.weibo.cn/detail/4952804252976968
4952804130558382,Nm9FX2lga,5,【#日本第二轮核污染水计划排海7800吨#】据日本共同社10月3日报道，东京电力公司当天开始进行福岛第一核电站核污染水第二轮排海前准备工作，预计将于5日正式开始。报道称，东京电力公司3日将检测核污染水样本中的氚浓度，如果浓度符合日方所谓的标准，将从5日正式开始第二轮排海。第二轮排海计划排放量 ...全文,2023-10-03,4,0,微博视频号,1893801487,https://m.weibo.cn/detail/4952804130558382
4952803552268406,Nm9F19w7c,0,【#日媒炒作中国人赴日旅游热#】#日媒为何炮制中国人赴日旅游热#日媒密集炒作“中国人赴日旅游热”，事实是日媒在混淆视听，赴日团队游“几乎没人报”！（青豆新闻） #日本开始准备核污染水第二轮排海# 新浪军事的微博视频 ,2023-10-03,3,2,微博视频号,3176105483,https://m.weibo.cn/detail/4952803552268406
4952803442950407,Nm9EQcnxd,0,胖哥论坛【#日媒炒作中国人赴日旅游热#】#日媒为何炮制中国人赴日旅游热#日媒密集炒作“中国人赴日旅游热”，事实是日媒在混淆视听，赴日团队游“几乎没人报”！（青豆新闻）#日本开始准备核污染水第二轮排海# 新浪军事的微博视频 ,2023-10-03,0,0,胖哥论坛超话,1263692934,https://m.weibo.cn/detail/4952803442950407
4952803343074403,Nm9EGcTN9,3,【#日媒炒作中国人赴日旅游热#】  #日媒为何炮制中国人赴日旅游热#   日媒密集炒作“中国人赴日旅游热”，  事实是日媒在混淆视听，赴日团队游“几乎没人报”！（青豆新闻）  #日本开始准备核污染水第二轮排海#   网页链接 ,2023-10-03,1,0,微博网页版,1640489733,https://m.weibo.cn/detail/4952803343074403
4952803286975755,Nm9EAtgIb,0,#日本开始准备核污染水第二轮排海#据媒体报道，日本东京电力公司今天（3日）开始进行福岛第一核电站核污染水第二轮排海前准备工作，测定即将排入海洋的核污染水中的氚浓度，如果浓度符合其所谓的“标准”，将从本月5日正式开始第二轮核污染水排海。第二轮排海计划排放量约为7800吨，排放周期约17天。 ...全文,2023-10-03,0,0,微博网页版,1700715830,https://m.weibo.cn/detail/4952803286975755
4952802512865580,Nm9Dlc1t2,1,【#日媒炒作中国人赴日旅游热#】#日媒为何炮制中国人赴日旅游热#日媒密集炒作“中国人赴日旅游热”，事实是日媒在混淆视听，赴日团队游“几乎没人报”！（青豆新闻） #日本开始准备核污染水第二轮排海# 网页链接 ,2023-10-03,2,2,微博网页版,2712601544,https://m.weibo.cn/detail/4952802512865580
4952802343781229,Nm9D4fRFz,1,【#日本开始准备核污染水第二轮排海# 香港食安中心抽查306个日本进口水产品，辐射水平全部合格】食安中心在过去四日已对306个进口日本“水产及其制品、海藻及海盐”的食物样本作辐射水平检测，未发现辐射水平超出安全标准。 香港渔护署同时对50个本地渔产品样本作辐射水平检测，全部样本检测合格。而香 ...全文,2023-10-03,3,2,微博网页版,5507836092,https://m.weibo.cn/detail/4952802343781229
4952800637748773,Nm9AjwvOd,0,#日媒炒作中国人赴日旅游热#【#日媒炒作中国人赴日旅游热#】#日媒为何炮制中国人赴日旅游热#日媒密集炒作“中国人赴日旅游热”，事实是日媒在混淆视听，赴日团队游“几乎没人报”！（青豆新闻） #日本开始准备核污染水第二轮排海# 新浪军事的微博视频 ,2023-10-03,0,0,iPhone客户端,1763972403,https://m.weibo.cn/detail/4952800637748773
4952800431179856,Nm9zZ4WVW,1,#日本开始准备核污染水第二轮排海#据共同社报道，日本东京电力公司今天（3日）开始进行福岛第一核电站核污染水第二轮排海前准备工作，测定即将排入海洋的核污染水中的氚浓度，如果浓度符合其所谓的“标准”，将从本月5日正式开始第二轮核污染水排海。第二轮排海计划排放量约为7800吨，排放周期约17天。 ...全文,2023-10-03,4,2,iPhone 12 Pro,1497087080,https://m.weibo.cn/detail/4952800431179856
4952800364335176,Nm9zSibMc,1,#日媒炒作中国人赴日旅游热#【#日媒炒作中国人赴日旅游热#】#日媒为何炮制中国人赴日旅游热#日媒密集炒作“中国人赴日旅游热”，事实是日媒在混淆视听，赴日团队游“几乎没人报”！（青豆新闻） #日本开始准备核污染水第二轮排海# 新浪军事的微博视频 ,2023-10-03,4,2,微博视频号,1078779184,https://m.weibo.cn/detail/4952800364335176
4952799857869152,Nm9z3x17O,0,【#日媒炒作中国人赴日旅游热#】#日媒为何炮制中国人赴日旅游热#日媒密集炒作“中国人赴日旅游热”，事实是日媒在混淆视听，赴日团队游“几乎没人报”！（青豆新闻） #日本开始准备核污染水第二轮排海# 新浪军事的微博视频 ,2023-10-03,0,0,微博视频号,5586933121,https://m.weibo.cn/detail/4952799857869152
4952799546704135,Nm9yys83d,1,【#日本第二轮核污染水计划排海7800吨#】据日本共同社10月3日报道，东京电力公司当天开始进行福岛第一核电站核污染水第二轮排海前准备工作，预计将于5日正式开始。报道称，东京电力公司3日将检测核污染水样本中的氚浓度，如果浓度符合日方所谓的标准，将从5日正式开始第二轮排海。第二轮排海计划排放量 ...全文,2023-10-03,4,2,微博视频号,1845864154,https://m.weibo.cn/detail/4952799546704135
4952799509480915,Nm9yuDMpZ,0,#日本开始准备核污染水第二轮排海#？富士山这么安静是有什么心事吗 ,2023-10-03,1,0,爱铲人士Android,3744151133,https://m.weibo.cn/detail/4952799509480915
4952798543220135,Nm9wWdvHF,1,【日本确定第二轮核污水排放时间 排放量约为7800吨】 据外媒报道，日本东京电力公司3日开始进行福岛第一核电站核污染水第二轮排海前准备工作。据报道，如果测定即将排入海洋的核污染水中的氚浓度符合其所谓的“标准”，东电将从本月5日正式开始第二轮核污染水排海。第二轮排海计划排放量约为7800吨，排 ...全文,2023-10-03,7,1,微博视频号,1847123567,https://m.weibo.cn/detail/4952798543220135
4952798488694428,Nm9wQAtOI,18,#日媒炒作中国人赴日旅游热#日媒密集炒作“中国人赴日旅游热”，事实是日媒在混淆视听，赴日团队游“几乎没人报”！（青豆新闻） #日本开始准备核污染水第二轮排海# 新浪军事的微博视频 ,2023-10-03,62,6,微博视频号,2343014623,https://m.weibo.cn/detail/4952798488694428
4952798443080533,Nm9wMcVo1,1,【#日媒炒作中国人赴日旅游热#】#日媒为何炮制中国人赴日旅游热#日媒密集炒作“中国人赴日旅游热”，事实是日媒在混淆视听，赴日团队游“几乎没人报”！（青豆新闻） #日本开始准备核污染水第二轮排海# 新浪军事的微博视频 ,2023-10-03,3,2,微博视频号,1760298927,https://m.weibo.cn/detail/4952798443080533
4952798397466659,Nm9wHvkpZ,0,#日媒炒作中国人赴日旅游热# 日媒密集炒作“中国人赴日旅游热”，事实是日媒在混淆视听，赴日团队游“几乎没人报”！（青豆新闻） #日本开始准备核污染水第二轮排海# 新浪军事的微博视频 ,2023-10-03,7,5,微博视频号,2593185610,https://m.weibo.cn/detail/4952798397466659
4952798287368324,Nm9wwuUPW,0,【#日媒炒作中国人赴日旅游热#】#日媒为何炮制中国人赴日旅游热#日媒密集炒作“中国人赴日旅游热”，事实是日媒在混淆视听，赴日团队游“几乎没人报”！（青豆新闻） #日本开始准备核污染水第二轮排海# 新浪军事的微博视频 ,2023-10-03,0,0,微博视频号,5756451891,https://m.weibo.cn/detail/4952798287368324
4952798217898788,Nm9wpx8PO,1,#日媒炒作中国人赴日旅游热#日媒密集炒作“中国人赴日旅游热”，事实是日媒在混淆视听，赴日团队游“几乎没人报”！ #日本开始准备核污染水第二轮排海# 新浪军事的微博视频 ,2023-10-03,0,2,微博视频号,1224921712,https://m.weibo.cn/detail/4952798217898788
4952798188276575,Nm9wmyJ79,0,据共同社报道，日本东京电力公司今天（3日）开始进行福岛第一核电站核污染水第二轮排海前准备工作，测定即将排入海洋的核污染水中的氚浓度，如果浓度符合其所谓的“标准”，将从本月5日正式开始第二轮核污染水排海。第二轮排海计划排放量约为7800吨，排放周期约17天。 《日本开始准备核污染水第二轮排 ...全文,2023-10-03,1,0,百度App,3535396574,https://m.weibo.cn/detail/4952798188276575
4952797848536133,Nm9vOzODz,0,#日媒炒作中国人赴日旅游热#【#日媒炒作中国人赴日旅游热#】#日媒为何炮制中国人赴日旅游热#日媒密集炒作“中国人赴日旅游热”，事实是日媒在混淆视听，赴日团队游“几乎没人报”！（青豆新闻） #日本开始准备核污染水第二轮排海# 新浪军事的微博视频 ,2023-10-03,0,0,微博视频号,3202362093,https://m.weibo.cn/detail/4952797848536133
4952796526019601,Nm9tGpfYl,0,可笑的小日子！【#日媒炒作中国人赴日旅游热#】#日媒为何炮制中国人赴日旅游热#日媒密集炒作“中国人赴日旅游热”，事实是日媒在混淆视听，赴日团队游“几乎没人报”！（青豆新闻） #日本开始准备核污染水第二轮排海#金华小陈说事中国 新浪军事的微博视频   ...全文,2023-10-03,11,0,中国超话,1837242684,https://m.weibo.cn/detail/4952796526019601
4952796035810505,Nm9sTonzP,2,【#日媒炒作中国人赴日旅游热#】#日媒为何炮制中国人赴日旅游热#？日媒密集炒作“中国人赴日旅游热”，事实是日媒在混淆视听，赴日团队游“几乎没人报”！（青豆新闻） #日本开始准备核污染水第二轮排海# 新浪军事的微博视频 ,2023-10-03,5,0,SVIP推荐官,1593711535,https://m.weibo.cn/detail/4952796035810505
4952796023226789,Nm9sSdxqZ,0,日本开始准备核污染水第二轮排海，将从5日正式开始。第二轮排海计划排放量约为7800吨，排放周期约17天。 酒装火锅的微博视频 ,2023-10-03,0,0,SVIP推荐官,6458798401,https://m.weibo.cn/detail/4952796023226789
4952795252000483,Nm9rD8opR,0,#日媒炒作中国人赴日旅游热#【#日媒为何炮制中国人赴日旅游热#？】就在中国人享受中秋叠加国庆的“超级黄金周”时，日本舆论也拿这个假期做起了文章。有人注意到，日本富士电视台、《每日新闻》等多家媒体在中国这个“黄金周”前就开始密集炒作所谓“从北京飞往东京的航班座无虚席”“日本成为中国游客 ...全文,2023-10-03,0,0,微博视频号,7750822151,https://m.weibo.cn/detail/4952795252000483
4952795251737698,Nm9rD7i3o,0,#日媒炒作中国人赴日旅游热#【#日媒为何炮制中国人赴日旅游热#？】就在中国人享受中秋叠加国庆的“超级黄金周”时，日本舆论也拿这个假期做起了文章。有人注意到，日本富士电视台、《每日新闻》等多家媒体在中国这个“黄金周”前就开始密集炒作所谓“从北京飞往东京的航班座无虚席”“日本成为中国游客 ...全文,2023-10-03,1,0,微博视频号,6724296583,https://m.weibo.cn/detail/4952795251737698
4952795250950439,Nm9rD3ZfF,0,#日媒炒作中国人赴日旅游热#【#日媒为何炮制中国人赴日旅游热#？】就在中国人享受中秋叠加国庆的“超级黄金周”时，日本舆论也拿这个假期做起了文章。有人注意到，日本富士电视台、《每日新闻》等多家媒体在中国这个“黄金周”前就开始密集炒作所谓“从北京飞往东京的航班座无虚席”“日本成为中国游客 ...全文,2023-10-03,0,0,微博视频号,6969117632,https://m.weibo.cn/detail/4952795250950439
4952795243352056,Nm9rCe41q,0,#日媒炒作中国人赴日旅游热#【#日媒为何炮制中国人赴日旅游热#？】就在中国人享受中秋叠加国庆的“超级黄金周”时，日本舆论也拿这个假期做起了文章。有人注意到，日本富士电视台、《每日新闻》等多家媒体在中国这个“黄金周”前就开始密集炒作所谓“从北京飞往东京的航班座无虚席”“日本成为中国游客 ...全文,2023-10-03,0,0,微博视频号,7761805397,https://m.weibo.cn/detail/4952795243352056
4952794676595054,Nm9qHrFFQ,0,#田埂视线# 《日本开始准备核污水第二轮排海…全世界也只能眼睁睁地干着急…打打口水仗…》光明网 ：据报道，日本东京电力公司今天（9月3日）开始进行福岛第一核电站核污染水第二轮排海前准备工作，测定即将排入海洋的核污染水中的氚浓度，如果浓度符合其所谓的“标准”，将从本月5日正式开始第二轮核 ...全文,2023-10-03,0,0,HUAWEI Mate 30 5G,1312046543,https://m.weibo.cn/detail/4952794676595054
4952794176950601,Nm9pTtaat,115,#日本开始准备核污染水第二轮排海#据共同社报道，日本东京电力公司今天（3日）开始进行福岛第一核电站核污染水第二轮排海前准备工作，测定即将排入海洋的核污染水中的氚浓度，如果浓度符合其所谓的“标准”，将从本月5日正式开始第二轮核污染水排海。第二轮排海计划排放量约为7800吨，排放周期约17天。 ...全文,2023-10-03,94,143,HUAWEI Mate X2,2443744521,https://m.weibo.cn/detail/4952794176950601
4952792966629791,Nm9nWrOI7,0,【#日本开始准备核污染水第二轮排海#】据共同社报道，日本东京电力公司今天（3日）开始进行福岛第一核电站核污染水第二轮排海前准备工作，测定即将排入海洋的核污染水中的氚浓度，如果浓度符合其所谓的“标准”，将从本月5日正式开始第二轮核污染水排海。第二轮排海计划排放量约为7800吨，排放周期约17 ...全文,2023-10-03,1,0,iPhone客户端,3840913812,https://m.weibo.cn/detail/4952792966629791
4952792923111714,Nm9nSd3uW,0,#日本开始准备核污染水第二轮排海#棍 小日子留的自己喝吧  ,2023-10-03,2,0,鞠婧祎老婆HarmonyOS设备,7680126885,https://m.weibo.cn/detail/4952792923111714
4952791094920907,Nm9kVkE9t,10,#日本开始准备核污染水第二轮排海#【日本开始准备核污染水第二轮排海 排放量约为7800吨】财联社10月3日电，据共同社报道，日本东京电力公司今天（3日）开始进行福岛第一核电站核污染水第二轮排海前准备工作，测定即将排入海洋的核污染水中的氚浓度，如果浓度符合其所谓的“标准”，将从本月5日正式开始 ...全文,2023-10-03,105,1,,1396506364,https://m.weibo.cn/detail/4952791094920907
4952789443412117,Nm9igejE9,0,#百年大行美国富国银行高管跳楼身亡#. #焦点直击##日本开始准备核污染水第二轮排海#  和平了介该shi的垃圾！！！                    笔默君的微博视频 ,2023-10-03,4,1,微博视频号,3282659472,https://m.weibo.cn/detail/4952789443412117
4952787412062696,Nm9eZ8EBi,0,【#日本开始准备核污染水第二轮排海#，计划排放量约为7800吨，排放周期约17天】CCTV国际时讯援引共同社报道，日本东京电力公司今天（3日）开始进行福岛第一核电站核污染水第二轮排海前准备工作，测定即将排入海洋的核污染水中的氚浓度，如果浓度符合其所谓的“标准”，将从本月5日正式开始第二轮核污染 ...全文,2023-10-03,0,0,微博视频号,7105384993,https://m.weibo.cn/detail/4952787412062696
4952784484958457,Nm9agkNV7,8,#日本开始准备核污染水第二轮排海#据共同社报道，日本东京电力公司今天（3日）开始进行福岛第一核电站核污染水第二轮排海前准备工作，测定即将排入海洋的核污染水中的氚浓度，如果浓度符合其所谓的“标准”，将从本月5日正式开始第二轮核污染水排海。第二轮排海计划排放量约为7800吨，排放周期约17天。 ...全文,2023-10-03,4,0,微博网页版,2011990062,https://m.weibo.cn/detail/4952784484958457
4952784367257658,Nm9a4us30,0,『日本进行核污染水第二轮排海前准备工作，5日开始第二轮核污染水排海』日本进行核污染水第二轮排海前准备工作，5日开始第二轮核污染水排海 ,2023-10-03,0,0,vivo Y3s,2612105893,https://m.weibo.cn/detail/4952784367257658
4952783000439545,Nm97S1Qlr,1,#日本开始准备核污染水第二轮排海#日本人什么时候亖@极限睿频 ,2023-10-03,1,0,荣耀90 写真相机,7566998447,https://m.weibo.cn/detail/4952783000439545
4952782187266801,Nm96yuuqt,0,拒绝日本核污染，玖鼎为您提供核辐射检测仪#日本开始准备核污染水第二轮排海##日本核废水# 玖鼎Group的微博视频 ,2023-10-03,6,0,微博视频号,1768598183,https://m.weibo.cn/detail/4952782187266801
4952782132742176,Nm96tbvmE,3,【7800吨！#日本第二轮核污染水排海#时间定了！】据日本共同社10月3日报道，东京电力公司当天开始进行福岛第一核电站核污染水第二轮排海前准备工作，预计将于5日正式开始。报道称，东京电力公司3日将检测核污染水样本中的氚浓度，如果浓度符合日方所谓的标准，将从5日正式开始第二轮排海。第二轮排海计 ...全文,2023-10-03,3,1,微博视频号,6268375888,https://m.weibo.cn/detail/4952782132742176
4952780588451450,Nm93YzsBI,0,#日本开始准备核污染水第二轮排海#  骂累了都。鬼子啥时候毁灭 ,2023-10-03,1,0,微博轻享版,6163424921,https://m.weibo.cn/detail/4952780588451450
4952778827105930,Nm918tOzM,1,【#日本10月5日开始第二轮核污水排海#】据共同社报道，日本东京电力公司今天（3日）开始进行福岛第一核电站核污染水第二轮排海前准备工作，测定即将排入海洋的核污染水中的氚浓度，如果浓度符合其所谓的“标准”，将从本月5日正式开始第二轮核污染水排海。第二轮排海计划排放量约为7800吨，排放周期约1 ...全文,2023-10-03,1,0,微博视频号,1895096900,https://m.weibo.cn/detail/4952778827105930
4952778776514962,Nm913rkQ2,0,#日本开始准备核污染水第二轮排海# 日本开始准备核污染水第二轮排海、第二轮排海计划排放量约为7800吨排放周期约17天！（央视新闻）利刃空天的微博视频 ,2023-10-03,1,0,微博视频号,6209092845,https://m.weibo.cn/detail/4952778776514962
4952778729849632,Nm90YFkl2,2,#日本开始准备核污染水第二轮排海#据共同社报道，日本东京电力公司今天（3日）开始进行福岛第一核电站核污染水第二轮排海前准备工作，测定即将排入海洋的核污染水中的氚浓度，如果浓度符合其所谓的“标准”，将从本月5日正式开始第二轮核污染水排海。第二轮排海计划排放量约为7800吨，排放周期约17天。 ...全文,2023-10-03,2,1,微博网页版,3176105483,https://m.weibo.cn/detail/4952778729849632
4952778461153742,Nm90y4Q8K,1,#日本开始准备核污染水第二轮排海#苏联用大量牺牲，阻止了切尔诺贝利辐射扩散到欧洲，结果被骂了几十年，最后甚至成了崩溃的导火索。日本把核污染水直接排入大海，西方媒体屁都不放一个，瑞典环保少女一声不吭，国内各种环保分子也是销声匿迹，美国甚至还感谢日本倾倒透明…这是怎样一个世界啊？地球真 ...全文,2023-10-03,7,0,NZONE 50 Pro,5852517638,https://m.weibo.cn/detail/4952778461153742
4952778193241972,Nm907dBnS,48,#日本开始准备核污染水第二轮排海#【#日媒为何炮制中国人赴日旅游热#？】就在中国人享受中秋叠加国庆的“超级黄金周”时，日本舆论也拿这个假期做起了文章。有人注意到，日本富士电视台、《每日新闻》等多家媒体在中国这个“黄金周”前就开始密集炒作所谓“从北京飞往东京的航班座无虚席”“日本成为中 ...全文,2023-10-03,458,30,微博视频号,1499104401,https://m.weibo.cn/detail/4952778193241972
4952778168861570,Nm904Bbiy,0,#日本开始准备核污染水第二轮排海# 不是，富士山还没苏醒吗？ ,2023-10-03,1,0,拖延症的一天,6498137669,https://m.weibo.cn/detail/4952778168861570
4952777865564182,Nm8ZAnluS,5,【笪志刚：#日媒为何炮制中国人赴日旅游热#？】#日本开始准备核污染水第二轮排海#就在中国人享受中秋叠加国庆的“超级黄金周”时，日本舆论也拿这个假期做起了文章。有人注意到，日本富士电视台、《每日新闻》等多家媒体在中国这个“黄金周”前就开始密集炒作所谓“从北京飞往东京的航班座无虚席”“日 ...全文,2023-10-03,14,2,微博发布平台专业版,1499104401,https://m.weibo.cn/detail/4952777865564182
4952777607087564,Nm8ZatJNy,0,#日本开始准备核污染水第二轮排海#建议日本群众喝掉#日本将开始第二轮核污染水排海# ,2023-10-03,2,0,搞笑女的日常,7727321402,https://m.weibo.cn/detail/4952777607087564
4952777199193598,Nm8YvCzFQ,3,#在日华侨日本街头庆国庆#，挥舞五星红旗高喊“中华人民共和国万岁”！很多人转发了这个视频，评论中也都是溢美之词。那么，我想问，对比“国内动辄对穿和服喊打喊杀”，大家做何感想？#日本开始准备核污染水第二轮排海# 鲁迅的秋天的微博视频 ,2023-10-03,19,0,SVIP推荐官,2508447350,https://m.weibo.cn/detail/4952777199193598
4952776595735553,Nm8Xxo44V,0,#以后吃海鲜时你会担心吗#【#日本开始准备核污染水第二轮排海#】 据共同社报道，日本东京电力公司今天（3日）开始进行福岛第一核电站核污染水第二轮排海前准备工作，测定即将排入海洋的核污染水中的氚浓度，如果浓度符合其所谓的“标准”，将从本月5日正式开始第二轮核污染水排海。第二轮排海计划排放 ...全文,2023-10-03,1,0,微博视频号,3697271680,https://m.weibo.cn/detail/4952776595735553
4952776296628661,Nm8X3rOpT,13,据CCTV国际时讯，日本东京电力公司今天（10月3日）开始进行福岛第一核电站核污染水第二轮排海前准备工作，测定即将排入海洋的核污染水中的氚浓度，如果浓度符合其所谓的“标准”，将从本月5日正式开始第二轮核污染水排海。第二轮排海计划排放量约为7800吨，排放周期约17天。 ,2023-10-03,63,1,华为Mate10保时捷设计,1257744315,https://m.weibo.cn/detail/4952776296628661
4952774624937316,Nm8UmkIq8,0,#日本开始准备核污染水第二轮排海##日本或于10月5日开启核污染水第二轮排海# ,2023-10-03,2,0,小米手机,2799648372,https://m.weibo.cn/detail/4952774624937316
4952774490460788,Nm8U91VS4,0,#日本开始准备核污染水第二轮排海# 富士山还不清醒吗？你看看这个日本又要排污水害海洋生物，又要害全世界了，你还不醒吗？炸了日本吗 ,2023-10-03,2,0,热巴的Android,6569547006,https://m.weibo.cn/detail/4952774490460788
4952774476828642,Nm8U7sEro,6,#日本开始准备核污染水第二轮排海#日本核废水排海决定，是对世界生态的严重威胁。核废水中的放射性物质将对海洋生物和人类健康造成极大的危害，而且这种影响可能会持续数十年甚至上百年。排放核废水不仅会对海洋生物造成危害，还会对人类健康造成潜在的威胁。放射性物质会积聚在海产品中，当人们食用这 ...全文,2023-10-03,183,18,自信放光芒的我,1830153003,https://m.weibo.cn/detail/4952774476828642
4952774342347369,Nm8TU9QEN,0,#日本开始准备核污染水第二轮排海#死鬼，阴魂不散 ,2023-10-03,1,0,OPPO A57 5G,7297954291,https://m.weibo.cn/detail/4952774342347369
4952773756455280,Nm8SXr5jq,0,#日本开始准备核污染水第二轮排海#去死吧，毁灭吧 ,2023-10-03,1,0,HUAWEI P50 Pro,7147070726,https://m.weibo.cn/detail/4952773756455280
4952773638752654,Nm8SLAIXQ,0,#日本开始准备核污染水第二轮排海#日本滚啊 ,2023-10-03,2,0,荣耀90 写真相机,7566998447,https://m.weibo.cn/detail/4952773638752654
4952773574791462,Nm8SFk6tE,0,【#日本10月5日开始第二轮核污水排海#】据共同社报道，日本东京电力公司今天（3日）开始进行福岛第一核电站核污染水第二轮排海前准备工作，测定即将排入海洋的核污染水中的氚浓度，如果浓度符合其所谓的“标准”，将从本月5日正式开始第二轮核污染水排海。第二轮排海计划排放量约为7800吨，排放周期约1 ...全文,2023-10-03,1,0,微博视频号,2598976311,https://m.weibo.cn/detail/4952773574791462
4952773257594660,Nm8S9vRIw,0,#日本开始准备核污染水第二轮排海#造孽啊 小日子滚出🇨🇳 ,2023-10-03,0,0,张艺兴我尊嘟超爱你,6097263627,https://m.weibo.cn/detail/4952773257594660
4952773122852058,Nm8RWbXWW,12,#日本开始准备核污染水第二轮排海#日本对福岛核污染水只检测其中的放射性同位素氚的含量，而实际上除去氚，福岛核污染水中还包括63种放射性同位素。  截至目前，还有人对此有所怀疑(姑且认为他/她们真的是怀疑)，他们的说法就是元素周期表中才多少元素？图2~图6就是东京电力公司在介绍其所谓的多核素处 ...全文,2023-10-03,95,25,HUAWEI Mate 20 Pro,1638620395,https://m.weibo.cn/detail/4952773122852058
4952772686905893,Nm8ResYxn,0,【#日本10月5日开始第二轮核污水排海#】据共同社报道，日本东京电力公司今天（3日）开始进行福岛第一核电站核污染水第二轮排海前准备工作，测定即将排入海洋的核污染水中的氚浓度，如果浓度符合其所谓的“标准”，将从本月5日正式开始第二轮核污染水排海。第二轮排海计划排放量约为7800吨，排放周期约1 ...全文,2023-10-03,1,1,微博视频号,1913382117,https://m.weibo.cn/detail/4952772686905893
4952772321739536,Nm8QE7ix2,0,【#日本10月5日开始第二轮核污水排海#】据共同社报道，日本东京电力公司今天（3日）开始进行福岛第一核电站核污染水第二轮排海前准备工作，测定即将排入海洋的核污染水中的氚浓度，如果浓度符合其所谓的“标准”，将从本月5日正式开始第二轮核污染水排海。第二轮排海计划排放量约为7800吨，排放周期约1 ...全文,2023-10-03,1,0,微博视频号,2274567792,https://m.weibo.cn/detail/4952772321739536
4952770823586033,Nm8Oef2Tf,1,#日本开始准备核污染水第二轮排海#据共同社报道，日本东京电力公司今天（3日）开始进行福岛第一核电站核污染水第二轮排海前准备工作，测定即将排入海洋的核污染水中的氚浓度，如果浓度符合其所谓的“标准”，将从本月5日正式开始第二轮核污染水排海。第二轮排海计划排放量约为7800吨，排放周期约17天。 ,2023-10-03,3,0,微博网页版,7756290165,https://m.weibo.cn/detail/4952770823586033
4952769887732346,Nm8MIwrxg,0,#日本开始准备核污染水第二轮排海# ,2023-10-03,1,0,梁🐱送的Android,5893694220,https://m.weibo.cn/detail/4952769887732346
4952769243120493,Nm8LGd5Mx,0,#日本开始准备核污染水第二轮排海# 富士山什么时候爆发 ,2023-10-03,1,0,HUAWEI Mate30 Pro 5G,7794568464,https://m.weibo.cn/detail/4952769243120493
4952768026510118,Nm8JIrjzU,5,让世人认清日本舆论甚至官方在核污染水排海问题上的不负责任做法。  #日本开始准备核污染水第二轮排海# ChineseSunMoonStar的微博视频 ,2023-10-03,76,15,微博视频号,3138941747,https://m.weibo.cn/detail/4952768026510118
4952766377363954,Nm8H3uTHs,42,#日本开始准备核污染水第二轮排海#  日本福岛电视台报道，在2023年度的检查中，在福岛县伊达市的部分“柿饼”产品中检测出放射性铯超标。 ,2023-10-03,435,54,微博网页版,5564927603,https://m.weibo.cn/detail/4952766377363954
4952765181728814,Nm8F87fK6,2,现在才开始愤怒？这情绪酝酿的时间够长的啊！#日本开始准备核污染水第二轮排海#支持核辐射水久了，反射弧括约肌松驰下来了吧！,2023-10-03,3,0,HUAWEI Mate 20,3170766712,https://m.weibo.cn/detail/4952765181728814
4952764532130042,Nm8E58W7w,1,#日本开始准备核污染水第二轮排海#日本这么干，是极其不负责任，耍无赖的行为。但因为老美不吭声，很多国家也假装看不见。就连一直反对的韩国，在尹锡悦当权后，改为理解支持了。但日本能做，假如其他非圈子里国家这么干，早就被制裁或声讨了。不说远了，就连中国，都有人理解日本核污染水排海，而且暗 ...全文,2023-10-03,4,2,vivo X50 Pro+,3204131885,https://m.weibo.cn/detail/4952764532130042
4952761705955918,Nm8zwoZpc,5,#日本开始准备核污染水第二轮排海##日本或于10月5日开启核污染水第二轮排海#  测了一挂近期可以关注一下西南地区地震和东南城市的火灾，无论火灾还是地震，只要是大的，地名单位名城市名必带三点水  另外，小日本富士山火山也快爆发了 ，不怕报应就使劲的作吧，总是会作死的 ,2023-10-03,18,1,OPPO A72 5G,2759918451,https://m.weibo.cn/detail/4952761705955918
4952761491783930,Nm8zb7u54,0,#日本开始准备核污染水第二轮排海#无语，日本能不能消失？ ,2023-10-03,0,0,王俊凯的Android,7545096739,https://m.weibo.cn/detail/4952761491783930
4952760777704698,Nm8y1wklk,2,#日本开始准备核污染水第二轮排海#（CCTV国际时讯） ,2023-10-03,1,0,Redmi K60,1307197312,https://m.weibo.cn/detail/4952760777704698
4952760485937394,Nm8xyoUAq,4,【#日本开始准备核污染水第二轮排海#】据共同社报道，日本东京电力公司10月3日开始进行福岛第一核电站核污染水第二轮排海前准备工作，测定即将排入海洋的核污染水中的氚浓度，如果浓度符合其所谓的“标准”，将从10月5日正式开始第二轮核污染水排海。第二轮排海计划排放量约为7800吨，排放周期约17天。 ...全文,2023-10-03,1,1,微博视频号,1893278624,https://m.weibo.cn/detail/4952760485937394
4952758878210518,Nm8uXyrVI,86,#日本开始准备核污染水第二轮排海#日本政府不顾周边国家的强烈反对，计划本月5日正式开始第二轮核污染水排海，第二轮排海计划排放量约为7800吨，排放周期约17天。#日本或于10月5日开启核污染水第二轮排海# ,2023-10-03,21,4,,1149956613,https://m.weibo.cn/detail/4952758878210518
4952747901715070,Nm8dg7caq,12,【#日本开始准备核污染水第二轮排海#】据共同社报道，日本东京电力公司今天（3日）开始进行福岛第一核电站核污染水第二轮排海前准备工作，测定即将排入海洋的核污染水中的氚浓度，如果浓度符合其所谓的“标准”，将从本月5日正式开始第二轮核污染水排海。第二轮排海计划排放量约为7800吨，排放周期约17 ...全文,2023-10-03,10,13,微博视频号,1639498782,https://m.weibo.cn/detail/4952747901715070
4952745694987635,Nm89HkVvJ,21,“吃吧，日本！”日大臣呼吁每个日本人每年多吃5个扇贝。  #日本开始准备核污染水第二轮排海#（环球网） 辽宁共青团的微博视频 ,2023-10-03,339,18,微博视频号,2079751412,https://m.weibo.cn/detail/4952745694987635
4952733112600398,Nm7PpaUtU,1,【#日本开始准备核污染水第二轮排海#，计划排放量约为7800吨，排放周期约17天】CCTV国际时讯援引共同社报道，日本东京电力公司今天（3日）开始进行福岛第一核电站核污染水第二轮排海前准备工作，测定即将排入海洋的核污染水中的氚浓度，如果浓度符合其所谓的“标准”，将从本月5日正式开始第二轮核污染 ...全文,2023-10-03,2,0,微博视频号,1918021250,https://m.weibo.cn/detail/4952733112600398
4952731795852737,Nm7NhoyyZ,1,【#日本开始准备核污染水第二轮排海# 】据共同社报道，日本东京电力公司今天（3日）开始进行福岛第一核电站核污染水第二轮排海前准备工作，测定即将排入海洋的核污染水中的氚浓度，如果浓度符合其所谓的“标准”，将从本月5日正式开始第二轮核污染水排海。第二轮排海计划排放量约为7800吨，排放周期约1 ...全文,2023-10-03,1,1,微博网页版,3204782330,https://m.weibo.cn/detail/4952731795852737
4952730160333149,Nm7KE1oFn,4,【#日本开始准备核污染水第二轮排海#】据共同社报道，日本东京电力公司今天（3日）开始进行福岛第一核电站核污染水第二轮排海前准备工作，测定即将排入海洋的核污染水中的氚浓度，如果浓度符合其所谓的“标准”，将从本月5日正式开始第二轮核污染水排海。第二轮排海计划排放量约为7800吨，排放周期约17 ...全文,2023-10-03,29,2,,5993531560,https://m.weibo.cn/detail/4952730160333149
4952723239207569,Nm7ztCDjb,6,【#日本开始准备核污染水第二轮排海#】据共同社报道，日本东京电力公司今天（3日）开始进行福岛第一核电站核污染水第二轮排海前准备工作，测定即将排入海洋的核污染水中的氚浓度，如果浓度符合其所谓的“标准”，将从本月5日正式开始第二轮核污染水排海。第二轮排海计划排放量约为7800吨，排放周期约17 ...全文,2023-10-03,29,7,,1642088277,https://m.weibo.cn/detail/4952723239207569
4952719696331004,Nm7tLqyYY,79,【#日本开始准备核污染水第二轮排海#】据共同社报道，日本东京电力公司今天（3日）开始进行福岛第一核电站核污染水第二轮排海前准备工作，测定即将排入海洋的核污染水中的氚浓度，如果浓度符合其所谓的“标准”，将从本月5日正式开始第二轮核污染水排海。第二轮排海计划排放量约为7800吨，排放周期约17 ...全文,2023-10-03,252,50,,1974576991,https://m.weibo.cn/detail/4952719696331004
4952716180718429,Nm7o630Tz,72,#日本开始准备核污染水第二轮排海#这个世界目前的秩序之下，我们没办法阻止小日子核排污，我们能做的就是不给小日子送钱，另外就是发展壮大自己。我还是那句，需要走民间起诉的路线，之前也咨询了，需要民间环保组织作为起诉主体，我们可以在中国起诉。 ,2023-10-03,1661,104,HUAWEI Mate 60 Pro+,2150758415,https://m.weibo.cn/detail/4952716180718429
4952715690246586,Nm7nj129c,3,【#日本开始准备核污染水第二轮排海#】据共同社报道，日本东京电力公司今天（3日）开始进行福岛第一核电站核污染水第二轮排海前准备工作，测定即将排入海洋的核污染水中的氚浓度，如果浓度符合其所谓的“标准”，将从本月5日正式开始第二轮核污染水排海。第二轮排海计划排放量约为7800吨，排放周期约17 ...全文,2023-10-03,4,3,微博网页版,1314608344,https://m.weibo.cn/detail/4952715690246586
4952714012265788,Nm7kB9vqY,55,#日本开始准备核污染水第二轮排海#  单纯禁止进口水产品，小日子还是不痛不痒，我觉得应该更严厉一些 ,2023-10-03,318,22,干饭人,6084203417,https://m.weibo.cn/detail/4952714012265788
4952712644660169,Nm7iojyk1,6,#日本开始核污染水第二轮排海前准备工作#【笪志刚：日媒为何炮制“中国人赴日旅游热”？】就在中国人享受中秋叠加国庆的“超级黄金周”时，日本舆论也拿这个假期做起了文章。有人注意到，日本富士电视台、《每日新闻》等多家媒体在中国这个“黄金周”前就开始密集炒作所谓“从北京飞往东京的航班座无虚 ...全文,2023-10-03,53,3,微博视频号,1685715705,https://m.weibo.cn/detail/4952712644660169
4952712124825969,Nm7hykfsd,6,【#日本开始准备核污染水第二轮排海# 】据共同社报道，日本东京电力公司今天（3日）开始进行福岛第一核电站核污染水第二轮排海前准备工作，测定即将排入海洋的核污染水中的氚浓度，如果浓度符合其所谓的“标准”，将从本月5日正式开始第二轮核污染水排海。第二轮排海计划排放量约为7800吨，排放周期约1 ...全文,2023-10-03,11,8,,1774057271,https://m.weibo.cn/detail/4952712124825969
4952711915373705,Nm7hdmxWF,85,【#日本开始准备核污染水第二轮排海#，排放量约为7800吨】#日本第二轮核污水排海量约为7800吨#据共同社报道，日本东京电力公司今天（3日）开始进行福岛第一核电站核污染水第二轮排海前准备工作，测定即将排入海洋的核污染水中的氚浓度，如果浓度符合其所谓的“标准”，将从本月5日正式开始第二轮核污染 ...全文,2023-10-03,479,67,微博网页版,1887344341,https://m.weibo.cn/detail/4952711915373705
4952707208056085,Nm79CxNKR,105,日媒炫耀：🇯🇵排污的影响，🇨🇳去日本到处满席 应该是假的吧…… #日本开始准备核污染水第二轮排海# ,2023-10-03,1615,45,,6735272916,https://m.weibo.cn/detail/4952707208056085
4952706768961977,Nm78UBBq1,19,#日本开始准备核污染水第二轮排海# 核污水表面上是日本在丧德，其实背后还有美国的操弄。国家基于总体考虑有国家层面的举措，我们老百姓支持就是了，同时我们可以做一些力所能及的，比如不买日货、不到日本旅游——中国制造如此强大、中国风貌如此多样，为什们要给日本送钱？ ,2023-10-03,591,30,微博搜索,1006550592,https://m.weibo.cn/detail/4952706768961977
4952706618230064,Nm78Fyx0Y,4,【#日本或于10月5日开启核污水第二轮排海#】当地时间10月3日，据共同社报道，日本东京电力公司开始进行福岛第一核电站核污染水第二轮排海前准备工作，测定即将排入海洋的核污染水中的氚浓度，如果浓度符合其所谓的“标准”，将从本月5日正式开始第二轮核污染水排海。第二轮排海计划排放量约为7800吨， ...全文,2023-10-03,7,2,微博视频号,1717833412,https://m.weibo.cn/detail/4952706618230064
4952705938751669,Nm77zAIHX,8,【借假期炒作！#日媒称北京飞东京的航班座无虚席#：刻意制造中国人“不在乎日本核污染水排海”等误导性论调】#日媒借我国假期炒作制造误导论调# 据环球网：有人注意到，日本富士电视台、《每日新闻》等多家媒体在中国这个“黄金周”前就开始密集炒作所谓“从北京飞往东京的航班座无虚席”“日本成为中 ...全文,2023-10-03,28,2,微博云剪,5145725878,https://m.weibo.cn/detail/4952705938751669
4952719696331004,Nm7tLqyYY,79,【#日本开始准备核污染水第二轮排海#】据共同社报道，日本东京电力公司今天（3日）开始进行福岛第一核电站核污染水第二轮排海前准备工作，测定即将排入海洋的核污染水中的氚浓度，如果浓度符合其所谓的“标准”，将从本月5日正式开始第二轮核污染水排海。第二轮排海计划排放量约为7800吨，排放周期约17 ...全文,2023-10-03,252,50,,1974576991,https://m.weibo.cn/detail/4952719696331004
4952716180718429,Nm7o630Tz,72,#日本开始准备核污染水第二轮排海#这个世界目前的秩序之下，我们没办法阻止小日子核排污，我们能做的就是不给小日子送钱，另外就是发展壮大自己。我还是那句，需要走民间起诉的路线，之前也咨询了，需要民间环保组织作为起诉主体，我们可以在中国起诉。 ,2023-10-03,1661,104,HUAWEI Mate 60 Pro+,2150758415,https://m.weibo.cn/detail/4952716180718429
4952715690246586,Nm7nj129c,3,【#日本开始准备核污染水第二轮排海#】据共同社报道，日本东京电力公司今天（3日）开始进行福岛第一核电站核污染水第二轮排海前准备工作，测定即将排入海洋的核污染水中的氚浓度，如果浓度符合其所谓的“标准”，将从本月5日正式开始第二轮核污染水排海。第二轮排海计划排放量约为7800吨，排放周期约17 ...全文,2023-10-03,4,3,微博网页版,1314608344,https://m.weibo.cn/detail/4952715690246586
4952714012265788,Nm7kB9vqY,55,#日本开始准备核污染水第二轮排海#  单纯禁止进口水产品，小日子还是不痛不痒，我觉得应该更严厉一些 ,2023-10-03,318,22,干饭人,6084203417,https://m.weibo.cn/detail/4952714012265788
4952712644660169,Nm7iojyk1,6,#日本开始核污染水第二轮排海前准备工作#【笪志刚：日媒为何炮制“中国人赴日旅游热”？】就在中国人享受中秋叠加国庆的“超级黄金周”时，日本舆论也拿这个假期做起了文章。有人注意到，日本富士电视台、《每日新闻》等多家媒体在中国这个“黄金周”前就开始密集炒作所谓“从北京飞往东京的航班座无虚 ...全文,2023-10-03,53,3,微博视频号,1685715705,https://m.weibo.cn/detail/4952712644660169
4952712124825969,Nm7hykfsd,6,【#日本开始准备核污染水第二轮排海# 】据共同社报道，日本东京电力公司今天（3日）开始进行福岛第一核电站核污染水第二轮排海前准备工作，测定即将排入海洋的核污染水中的氚浓度，如果浓度符合其所谓的“标准”，将从本月5日正式开始第二轮核污染水排海。第二轮排海计划排放量约为7800吨，排放周期约1 ...全文,2023-10-03,11,8,,1774057271,https://m.weibo.cn/detail/4952712124825969
4952711915373705,Nm7hdmxWF,85,【#日本开始准备核污染水第二轮排海#，排放量约为7800吨】#日本第二轮核污水排海量约为7800吨#据共同社报道，日本东京电力公司今天（3日）开始进行福岛第一核电站核污染水第二轮排海前准备工作，测定即将排入海洋的核污染水中的氚浓度，如果浓度符合其所谓的“标准”，将从本月5日正式开始第二轮核污染 ...全文,2023-10-03,479,67,微博网页版,1887344341,https://m.weibo.cn/detail/4952711915373705
4952707208056085,Nm79CxNKR,105,日媒炫耀：🇯🇵排污的影响，🇨🇳去日本到处满席 应该是假的吧…… #日本开始准备核污染水第二轮排海# ,2023-10-03,1615,45,,6735272916,https://m.weibo.cn/detail/4952707208056085
4952706768961977,Nm78UBBq1,19,#日本开始准备核污染水第二轮排海# 核污水表面上是日本在丧德，其实背后还有美国的操弄。国家基于总体考虑有国家层面的举措，我们老百姓支持就是了，同时我们可以做一些力所能及的，比如不买日货、不到日本旅游——中国制造如此强大、中国风貌如此多样，为什们要给日本送钱？ ,2023-10-03,591,30,微博搜索,1006550592,https://m.weibo.cn/detail/4952706768961977
4952706618230064,Nm78Fyx0Y,4,【#日本或于10月5日开启核污水第二轮排海#】当地时间10月3日，据共同社报道，日本东京电力公司开始进行福岛第一核电站核污染水第二轮排海前准备工作，测定即将排入海洋的核污染水中的氚浓度，如果浓度符合其所谓的“标准”，将从本月5日正式开始第二轮核污染水排海。第二轮排海计划排放量约为7800吨， ...全文,2023-10-03,7,2,微博视频号,1717833412,https://m.weibo.cn/detail/4952706618230064
